Super1,ProdName1,Super2,ProdName2,Super3,ProdName3,ProdPrice1,ProdPrice2,ProdPrice3,ProdPath1,ProdPath2,ProdPath3
1,Κρασιά Σαμπάνιες ΤΟ ΚΡΑΣΙ ΤΗΣ ΠΑΡΕΑΣ Ένωση Πεζών Κρήτης Λευκός Οίνος 1lt,2,"ΤΟ ΚΡΑΣΙ ΤΗΣ ΠΑΡΕΑΣ Οίνος Λευκός 1lt Κρασιά, ποτά, αναψυκτικά, νερά",0,T,"2,40 €/τεμ.","€2,29","0.99€ /ΤΕΜ
1.18€/ΤΕΜ",D:/th/1.JPG,D:/th/95.JPG,D:/th/191.JPG
1,Γάλατα Φυτικά ροφήματα Μακράς διαρκείας ΝΟΥΝΟΥ Choq Γάλα Σοκολατούχο 250ml,2,ΝΟΥΝΟΥ Γάλα Μακράς Διαρκείας Σοκολατούχο Choq 250 ml Γαλακτοκομικά & Είδη Ψυγείου,0,T,"0,84 €/τεμ.","€0,84","0.99€ /ΤΕΜ
1.18€/ΤΕΜ",D:/th/2.JPG,D:/th/170.JPG,D:/th/191.JPG
1,Κατεψυγμένα Λαχανικά Φρούτα Βίδες με Μανιτάρια Καρότο ΜΠΑΡΜΠΑ ΣΤΑΘΗΣ 600gr,2,ΜΠΑΡΜΠΑ ΣΤΑΘΗΣ Βίδες Μανιτάρια & Καρότο Κατεψυγμένο 600gr Κατεψυγμένα τρόφιμα,0,T,"2,17 €/τεμ.","€2,92","0.99€ /ΤΕΜ
1.18€/ΤΕΜ",D:/th/3.JPG,D:/th/162.JPG,D:/th/191.JPG
1,Κρασιά Σαμπάνιες ΤΕΣΣΕΡΙΣ ΛΙΜΝΕΣ Κυρ-Γιάννη Λευκός Οίνος 750ml,2,"ΚΥΡ ΓΙΑΝΝΗ, ΤΕΣΣΕΡΙΣ ΛΙΜΝΕΣ Οίνος Λευκός Τέσσερις Λίμνες 750ml Κρασιά, ποτά, αναψυκτικά, νερά",0,T,"14,20 €/τεμ.","€14,26","0.99€ /ΤΕΜ
1.18€/ΤΕΜ",D:/th/4.JPG,D:/th/159.JPG,D:/th/191.JPG
1,Σοκολάτες ΙΟΝ Σοκολάτα Γάλακτος 200gr,2,ΙΟΝ Σοκολάτα Γάλακτος 100gr Πρωϊνό - snacking & ροφήματα,0,T,"2,48 €/τεμ.","€1,42","0.99€ /ΤΕΜ
1.18€/ΤΕΜ",D:/th/5.JPG,D:/th/106.JPG,D:/th/191.JPG
1,Επιδόρπια γιαουρτιού ΔΕΛΤΑ Vitaline Επιδόρπιο Γιαουρτιού Φράουλα 2x180gr +1 Δώρο,2,VITALINE Επιδόρπιο Γιαουρτιού Φράουλα 3 Χ 180 gr 2+1 Δώρο 3 Χ 180 gr 2+1 Δώρο Γαλακτοκομικά & Είδη Ψυγείου,0,T,"2,98 €/τεμ.","€3,07","0.99€ /ΤΕΜ
1.18€/ΤΕΜ",D:/th/6.JPG,D:/th/168.JPG,D:/th/191.JPG
1,Ντοματικά PUMMARO Τομάτα Πασσάτα Κλασικό με καπάκι 500gr,2,PUMMARO Τομάτα Passata Με Καπάκι 500 gr Βασικά τυποποιημένα τρόφιμα,0,T,"0,86 €/τεμ.","€0,86","0.99€ /ΤΕΜ
1.18€/ΤΕΜ",D:/th/7.JPG,D:/th/111.JPG,D:/th/191.JPG
1,Τυριά αλειφόμενα Μίνι τυράκια Τυρί Κρέμα PHILADELPHIA 300gr,2,"PHILADELPHIA Τυρί Κρέμα 300gr Τυριά, Αλλαντικά & Delicatessen",0,T,"2,98 €/τεμ.","€2,98","0.99€ /ΤΕΜ
1.18€/ΤΕΜ",D:/th/8.JPG,D:/th/91.JPG,D:/th/191.JPG
1,Αντηλιακά NIVEA SUN Carotene Αντηλιακό Λάδι Σπρέι Spf6 200ml,2,NIVEA Λάδι Μαυρίσματος Spray Carotene Oil SPF6 200ml Είδη προσωπικής περιποίησης,0,T,"10,85 €/τεμ.","€5,42","0.99€ /ΤΕΜ
1.18€/ΤΕΜ",D:/th/9.JPG,D:/th/176.JPG,D:/th/191.JPG
1,Σοκολάτες LACTA Σοκολάτα Αμυγδάλου 85gr,2,LACTA Σοκολάτα Γάλακτος Αμυγδάλου 85gr Πρωϊνό - snacking & ροφήματα,0,T,"1,38 €/τεμ.","€1,03","0.99€ /ΤΕΜ
1.18€/ΤΕΜ",D:/th/10.JPG,D:/th/92.JPG,D:/th/191.JPG
1,Καφέδες Ροφήματα Αφεψήματα ILLY Iperespresso Καφές Espresso Intenso σε Κάψουλες 18τεμ 120 6gr,2,ILLY Κάψουλες Καφέ IperEspresso Intenso 18 Τεμάχια Πρωϊνό - snacking & ροφήματα,0,T,"8,80 €/τεμ.",OOS,"0.99€ /ΤΕΜ
1.18€/ΤΕΜ",D:/th/11.JPG,D:/th/161.JPG,D:/th/191.JPG
1,Αναψυκτικά Σόδες Ενεργειακά ποτά RED BULL Ενεργειακό Ποτό 355ml,2,"REDBULL Ενεργειακό Ποτό Red Bull 4x250ml Κρασιά, ποτά, αναψυκτικά, νερά",3,ΠΟΤΑ ΧΥΜΟΙ ΑΝΑΨΥΚΤΙΚΑ RED BULL Red Bull Ενεργειακό Ποτό Χωρίς Ζάχαρη 250 ml,"1,32 €/τεμ.","€4,19","0.99€ /ΤΕΜ
1.18€/ΤΕΜ",D:/th/12.JPG,D:/th/142.JPG,D:/th/191.JPG
1,Μπισκότα ΠΑΠΑΔΟΠΟΥΛΟΥ Cookies Μπισκότα με Κομμάτια Σοκολάτας Κακάο 2x180gr,2,ΠΑΠΑΔΟΠΟΥΛΟΥ ΜΠΙΣΚΟΤΑ ΜΕ ΚΟΜΜΑΤΙΑ ΣΟΚΟΛΑΤΑΣ 180 GR Πρωϊνό - snacking & ροφήματα,3,ΠΡΩΙΝΟ ΡΟΦΗΜΑΤΑ ΣΝΑΚΣ ΠΑΠΑΔΟΠΟΥΛΟΥ Παπαδοπούλου Cookies Μπισκότα Με Κομμάτια Σοκολάτας Κακάο 2 x 180 gr -0 65€,"1,59 €/τεμ.","€1,37","1.48€ /ΤΕΜ
1.97€/ΤΕΜ",D:/th/13.JPG,D:/th/97.JPG,D:/th/180.JPG
1,Νερά ΚΟΡΠΗ Νερό Φυσικό Μεταλλικό 500ml 10Τεμ +2 Δώρο,2,"ΚΟΡΠΗ Ανθρακούχο Νερό Φυσικό Μεταλλικό 4x330ml 3+1 Δώρο Κρασιά, ποτά, αναψυκτικά, νερά",0,0,"2,50 €/τεμ.","€1,78",0,D:/th/14.JPG,D:/th/143.JPG,0
1,Σοκολάτες ΙΟΝ Σοκολάτα Αμυγδάλου 100gr,2,ΙΟΝ Σοκολάτα Γάλακτος 100gr Πρωϊνό - snacking & ροφήματα,0,0,"1,42 €/τεμ.","€1,42",0,D:/th/15.JPG,D:/th/106.JPG,0
1,Νερά ΖΑΓΟΡΙ Go Green Νερό Φυσικό Μεταλλικό 6x330ml,2,"ΖΑΓΟΡΙ ΦΥΣΙΚΟ ΜΕΤΑΛΛΙΚΟ ΝΕΡΟ 750 ML Κρασιά, ποτά, αναψυκτικά, νερά",0,0,"1,05 €/τεμ.","€0,40",0,D:/th/16.JPG,D:/th/112.JPG,0
1,Χυμοί ΜΑΡΑΤΑ Χυμός Φρουτοποτό Βύσσινο 1lt,2,"HBH Φρουτοποτό Βύσσινο 1lt Κρασιά, ποτά, αναψυκτικά, νερά",0,0,"0,90 €/τεμ.",OOS,0,D:/th/17.JPG,D:/th/102.JPG,0
1,Απορρυπαντικά πιάτων PALMOLIVE Απορρυπαντικό Πιάτων Υγρό Κανονικό 500ml,2,"FAIRY ΥΓΡΟ ΑΠΟΡΡΥΠΑΝΤΙΚΟ ΠΙΑΤΩΝ ΚΑΝΟΝΙΚΟ 1,5 LT Καθαριστικά - Χαρτικά & είδη σπιτιού",0,0,"1,13 €/τεμ.","€5,68",0,D:/th/18.JPG,D:/th/118.JPG,0
1,Ποτά BACARDI Ρούμι 700ml,2,"BACARDI Ρούμι Λευκό Carta Blanca 700ml Κρασιά, ποτά, αναψυκτικά, νερά",0,0,"18,35 €/τεμ.","€18,35",0,D:/th/19.JPG,D:/th/110.JPG,0
1,Κατεψυγμένα Λαχανικά Φρούτα Βατόμουρα ARDO 300gr,2,ALTERRA Βατόμουρα Κόκκινα Κατεψυγμένα 300gr Κατεψυγμένα τρόφιμα,0,0,"3,12 €/τεμ.","€2,84",0,D:/th/20.JPG,D:/th/163.JPG,0
1,Φροντίδα Μαλλιών FRUCTIS Σαμπουάν Μαλλιών Δύναμη Λάμψη Κανονικά 400ml,0,0,3,ΥΓΕΙΑ ΟΜΟΡΦΙΑ FRUCTIS Fructis Σαμπουάν Δύναμη Λάμψη 400 ml,"2,48 €/τεμ.",0,4.88€/ΤΕΜ,D:/th/21.JPG,0,D:/th/182.JPG
1,Μπισκότα ΠΑΠΑΔΟΠΟΥΛΟΥ Μιράντα Μπισκότα 250gr,0,0,3,ΠΡΩΙΝΟ ΡΟΦΗΜΑΤΑ ΣΝΑΚΣ ΠΑΠΑΔΟΠΟΥΛΟΥ Παπαδοπούλου Μπισκότα Μιράντα 250 gr,"1,33 €/τεμ.",0,1.33€/ΤΕΜ,D:/th/22.JPG,0,D:/th/185.JPG
1,Γιαούρτια ΔΩΔΩΝΗ Κλασικό Γιαούρτι Στραγγιστό 8% 2x200gr + 1 Δώρο,0,0,3,ΓΑΛΑΚΤΟΚΟΜΙΚΑ ΕΙΔΗ ΨΥΓΕΙΟΥ ΔΩΔΩΝΗ Δωδώνη Γιαούρτι Στραγγιστό Κλασικό 8% 2 x 200 gr + 1 Δώρο,"2,72 €/τεμ.",0,"2.04€ /ΤΕΜ
2.72€/ΤΕΜ",D:/th/23.JPG,0,D:/th/227.JPG
1,Ψωμί τυποποιημένο ΚΑΡΑΜΟΛΕΓΚΟΣ Ψωμί Τοστ Σίκαλης Μίνι 340gr,2,ΚΑΡΑΜΟΛΕΓΚΟΣ Ψωμί Τοστ Σίκαλης Μίνι 340g Άρτος Ζαχαροπλαστείο,3,ΑΡΤΟΖΑΧΑΡΟΠΛΑΣΤΕΙΟ ΚΑΡΑΜΟΛΕΓΚΟΣ Καραμολέγκος Ψωμί Τοστ Σίκαλης 340 gr,"1,20 €/τεμ.","€1,20",1.20€/ΤΕΜ,D:/th/24.JPG,D:/th/87.JPG,D:/th/189.JPG
1,Αναψυκτικά Σόδες Ενεργειακά ποτά TUBORG Τόνικ 500ml,0,0,3,ΠΟΤΑ ΧΥΜΟΙ ΑΝΑΨΥΚΤΙΚΑ TUBORG Tuborg Τόνικ Αναψυκτικό 330 ml,"0,80 €/τεμ.",0,0.57€/ΤΕΜ,D:/th/25.JPG,0,D:/th/256.JPG
1,Λαχανικά Σπανάκι Εγχώριο,0,0,3,ΦΡΟΥΤΑ ΛΑΧΑΝΙΚΑ Σπανάκι Κρήτης,"0,98 €/0,5 κιλό",0,0.79€/500 γραμ,D:/th/26.JPG,0,D:/th/187.JPG
1,Φρέσκο Χοιρινό Πανσέτα Χοιρινή ΣΚΛΑΒΕΝΙΤΗΣ με οστό Ολλανδίας,0,0,3,ΦΡΕΣΚΟ ΚΡΕΑΣ ΠΟΥΛΕΡΙΚΑ Χοιρινό Πανσέτα Μ/Ο Μ/Δ Ελληνικό,"3,06 €/συσκ.",0,2.30€/500 γραμ,D:/th/27.JPG,0,D:/th/246.JPG
1,Στοματική υγιεινή SENSODYNE Οδοντόκρεμα Repair Protect 75ml,0,0,3,ΥΓΕΙΑ ΟΜΟΡΦΙΑ SENSODYNE Sensodyne Οδοντόκρεμα Repair Protect Whitening 75 ml,"4,20 €/τεμ.",0,4.20€/ΤΕΜ,D:/th/28.JPG,0,D:/th/200.JPG
1,Φροντίδα Σώματος PALMOLIVE Κρεμοσάπουνο Hygiene Plus Family Ανταλλακτικό 1lt,0,0,3,ΥΓΕΙΑ ΟΜΟΡΦΙΑ PALMOLIVE Palmolive Υγρό Κρεμοσάπουνο Hygiene Plus Ανταλλακτικό 750ml,"1,63 €/τεμ.",0,"1.69€ /ΤΕΜ
2.82€/ΤΕΜ",D:/th/29.JPG,0,D:/th/197.JPG
1,Φέτα Λευκά τυριά Φέτα ΧΩΡΙΟ ΠΟΠ σε Άλμη 400gr,0,0,3,ΤΥΡΟΚΟΜΙΚΑ ΧΩΡΙΟ Χωριό Τυρί Φέτα Σε Άλμη 400 gr,"4,65 €/τεμ.",0,4.65€/ΤΕΜ,D:/th/30.JPG,0,D:/th/183.JPG
1,Ζυμαρικά MELISSA Κριθαράκι Χονδρό 500gr,0,0,3,ΣΥΣΚΕΥΑΣΜΕΝΑ ΤΡΟΦΙΜΑ ΜΕΛΙΣΣΑ Melissa Πάστα Κριθαράκι Χονδρό 500 gr,"0,65 €/τεμ.",0,1.00€/ΤΕΜ,D:/th/31.JPG,0,D:/th/253.JPG
1,Μπαχαρικά Αλάτια Ξίδια Ζωμοί ΗΛΙΟΣ Πάπρικα Γλυκιά 40gr,0,0,3,ΣΥΣΚΕΥΑΣΜΕΝΑ ΤΡΟΦΙΜΑ ΗΛΙΟΣ Ήλιος Πάπρικα Γλυκιά 50 gr,"1,42 €/τεμ.",0,0.77€/ΤΕΜ,D:/th/32.JPG,0,D:/th/190.JPG
1,Ζυμαρικά MISKO Σπαγγετίνη Ολικής Άλεσης Νο10 500gr,2,MISKO Σπαγγετίνη Ολικής Άλεσης Νο10 500gr Βασικά τυποποιημένα τρόφιμα,3,ΣΥΣΚΕΥΑΣΜΕΝΑ ΤΡΟΦΙΜΑ MISKO Misko Μακαρόνια Σπαγγετίνη Ν10 Ολικής Άλεσης 500 gr,"0,77 €/τεμ.","€0,91","0.92€ /ΤΕΜ
1.22€/ΤΕΜ",D:/th/33.JPG,D:/th/138.JPG,D:/th/233.JPG
1,Μπαχαρικά Αλάτια Ξίδια Ζωμοί KNORR Κύβοι Ζωμού Βοδινού Χωρίς Γλουτένη Χωρίς Αλάτι 8τεμ 4lt,0,0,3,ΣΥΣΚΕΥΑΣΜΕΝΑ ΤΡΟΦΙΜΑ KNORR Knorr Κύβοι Ζωμού Βοδινού 6 Τεμάχια,"1,83 €/τεμ.",0,1.07€/ΤΕΜ,D:/th/34.JPG,0,D:/th/202.JPG
1,Μπισκότα ΠΑΠΑΔΟΠΟΥΛΟΥ Μπισκότα Γεμιστά Λεμόνι 200gr,0,0,3,ΠΡΩΙΝΟ ΡΟΦΗΜΑΤΑ ΣΝΑΚΣ ΠΑΠΑΔΟΠΟΥΛΟΥ Παπαδοπούλου Γεμιστά Μπισκότα Με Λεμόνι 200 gr,"1,00 €/τεμ.",0,"0.83€ /ΤΕΜ
1.18€/ΤΕΜ",D:/th/35.JPG,0,D:/th/247.JPG
1,Καφέδες Ροφήματα Αφεψήματα ΛΟΥΜΙΔΗΣ ΠΑΠΑΓΑΛΟΣ Σκούρος Καφές Ελληνικός 194gr,0,0,3,ΠΡΩΙΝΟ ΡΟΦΗΜΑΤΑ ΣΝΑΚΣ ΛΟΥΜΙΔΗΣ ΠΑΠΑΓΑΛΟΣ Λουμίδης Παπαγάλος Σκούρος Ελληνικός Καφές 194 gr,"3,15 €/τεμ.",0,3.15€/ΤΕΜ,D:/th/36.JPG,0,D:/th/251.JPG
1,Καφέδες Ροφήματα Αφεψήματα TWININGS Earl Grey Μαύρο Τσάι 10 φακελάκια x2gr,0,0,3,ΠΡΩΙΝΟ ΡΟΦΗΜΑΤΑ ΣΝΑΚΣ TWIΝINGS Twinings Earl Grey Τσάι 25 χ 2 gr,"2,52 €/τεμ.",0,4.24€/ΤΕΜ,D:/th/37.JPG,0,D:/th/252.JPG
1,Καφέδες Ροφήματα Αφεψήματα LIPTON Yellow Μαύρο Τσάι 10 φακελάκια x1 5gr,0,0,3,ΠΡΩΙΝΟ ΡΟΦΗΜΑΤΑ ΣΝΑΚΣ LIPTON Lipton Yellow Label Μαύρο Τσάι 100 x 1 5 gr,"1,12 €/τεμ.",0,7.35€/ΤΕΜ,D:/th/38.JPG,0,D:/th/203.JPG
1,Χυμοί Τσάι ψυγείου ΟΛΥΜΠΟΣ Φυσικός Χυμός Πορτοκάλι 1lt,0,0,3,ΠΟΤΑ ΧΥΜΟΙ ΑΝΑΨΥΚΤΙΚΑ ΜΑΡΑΤΑ Μαράτα Φυσικός Χυμός Πορτοκάλι 1 lt,"2,14 €/τεμ.",0,0.87€/ΤΕΜ,D:/th/39.JPG,0,D:/th/193.JPG
1,Χυμοί COOL HELLAS Χυμός Συμπυκνωμένος Ζαχαρούχος Πορτοκάλι 1lt,0,0,3,ΠΟΤΑ ΧΥΜΟΙ ΑΝΑΨΥΚΤΙΚΑ ΒΙΟΧΥΜ Βιοχύμ Συμπυκνωμένος Ζαχαρούχος Χυμός Πορτοκάλι 1850 gr,"2,73 €/τεμ.",0,3.90€/ΤΕΜ,D:/th/40.JPG,0,D:/th/194.JPG
1,Χυμοί AMITA Χυμός Φρουτοποτό Ροδάκινο 250ml,0,0,3,ΠΟΤΑ ΧΥΜΟΙ ΑΝΑΨΥΚΤΙΚΑ ΑΜΙΤΑ Amita Φρουτοποτό Ροδάκινο 1 lt,"0,58 €/τεμ.",0,1.32€/ΤΕΜ,D:/th/41.JPG,0,D:/th/195.JPG
1,Χυμοί AMITA Motion Supermix Χυμός Φυσικός 1lt,0,0,3,ΠΟΤΑ ΧΥΜΟΙ ΑΝΑΨΥΚΤΙΚΑ ΑΜΙΤΑ Amita Motion Φυσικός Χυμός 330 ml,"2,12 €/τεμ.",0,0.90€/ΤΕΜ,D:/th/42.JPG,0,D:/th/196.JPG
1,Ποτά SERKOVA Crystal Pure Βότκα 700ml,0,0,3,ΠΟΤΑ ΧΥΜΟΙ ΑΝΑΨΥΚΤΙΚΑ SERKOVA Serkova Βότκα 700 ml,"19,50 €/τεμ.",0,"12.75€ /ΤΕΜ
14.25€/ΤΕΜ",D:/th/43.JPG,0,D:/th/201.JPG
1,Αναψυκτικά Σόδες Ενεργειακά ποτά COCA COLA Zero Αναψυκτικό Χωρίς ζάχαρη 330ml,2,"COCA COLA, ZERO ΑΝΑΨΥΚΤΙΚΟ COLA ZERO 1,5LT Κρασιά, ποτά, αναψυκτικά, νερά",3,ΠΟΤΑ ΧΥΜΟΙ ΑΝΑΨΥΚΤΙΚΑ COCA COLA Coca Cola Zero Αναψυκτικό 6 x 330 ml,"0,64 €/τεμ.","€1,49",3.90€/ΤΕΜ,D:/th/44.JPG,D:/th/100.JPG,D:/th/181.JPG
1,Αναψυκτικά Σόδες Ενεργειακά ποτά COCA COLA Zero Αναψυκτικό Χωρίς ζάχαρη 6x330ml,2,"COCA COLA, ZERO ΑΝΑΨΥΚΤΙΚΟ COLA ZERO 1,5LT Κρασιά, ποτά, αναψυκτικά, νερά",3,ΠΟΤΑ ΧΥΜΟΙ ΑΝΑΨΥΚΤΙΚΑ COCA COLA Coca Cola Zero Αναψυκτικό 6 x 330 ml,"2,99 €/τεμ.","€1,49",3.90€/ΤΕΜ,D:/th/45.JPG,D:/th/100.JPG,D:/th/181.JPG
1,Αναψυκτικά Σόδες Ενεργειακά ποτά COCA COLA Light Αναψυκτικό Χωρίς ζάχαρη 6x330ml,0,0,3,ΠΟΤΑ ΧΥΜΟΙ ΑΝΑΨΥΚΤΙΚΑ COCA COLA Coca Cola Light Αναψυκτικό 2 x 1 5 lt,"2,99 €/τεμ.",0,3.00€/ΤΕΜ,D:/th/46.JPG,0,D:/th/192.JPG
1,Απορρυπαντικά ρούχων OMO Απορρυπαντικό Πλυντηρίου Ρούχων Υγρό Λεβάντα 27 πλύσεις,0,0,3,ΟΙΚΙΑΚΗ ΦΡΟΝΤΙΔΑ OMO Omo Υγρό Πλυντηρίου Ρούχων Λεβάντα 30 Μεζούρες 1 95 lt + 30 Μεζούρες,"3,18 €/τεμ.",0,6.98€/ΤΕΜ,D:/th/47.JPG,0,D:/th/255.JPG
1,Γιαούρτια Βρεφικά Παιδικά ΦΑΓΕ Junior Επιδόρπιο Γιαουρτιού Φράουλα Παιδικό Χωρίς γλουτένη 2x140gr,0,0,3,ΓΑΛΑΚΤΟΚΟΜΙΚΑ ΕΙΔΗ ΨΥΓΕΙΟΥ ΦΑΓΕ Φάγε Junior Παιδικό Επιδόρπιο Γιαουρτιού Μπανάνα Χωρίς Γλουτένη 2 x 140 gr -0 30€,"1,68 €/τεμ.",0,1.68€/ΤΕΜ,D:/th/48.JPG,0,D:/th/254.JPG
1,Γιαούρτια ΚΡΙ ΚΡΙ Γιαούρτι Αγελάδος 2% 2x200gr + 1 Δώρο,0,0,3,ΓΑΛΑΚΤΟΚΟΜΙΚΑ ΕΙΔΗ ΨΥΓΕΙΟΥ ΚΡΙ ΚΡΙ Κρι Κρι Αγελάδος Γιαούρτι 3 9% 2 x 200 gr + 1 Δώρο,"1,47 €/τεμ.",0,1.92€/ΤΕΜ,D:/th/49.JPG,0,D:/th/188.JPG
1,Γιαούρτια ΔΩΔΩΝΗ Κλασικό Γιαούρτι Στραγγιστό 2% 2x200gr + 1 Δώρο,0,0,3,ΓΑΛΑΚΤΟΚΟΜΙΚΑ ΕΙΔΗ ΨΥΓΕΙΟΥ ΔΩΔΩΝΗ Δωδώνη Γιαούρτι Στραγγιστό Κλασικό 8% 2 x 200 gr + 1 Δώρο,"2,72 €/τεμ.",0,"2.04€ /ΤΕΜ
2.72€/ΤΕΜ",D:/th/50.JPG,0,D:/th/227.JPG
1,Μαργαρίνες ΒΙΤΑΜ Μαργαρίνη Soft Light 250gr,0,0,3,ΓΑΛΑΚΤΟΚΟΜΙΚΑ ΕΙΔΗ ΨΥΓΕΙΟΥ ΒΙΤΑΜ Βιτάμ Μαργαρίνη Soft Light 250 gr,"1,09 €/τεμ.",0,1.44€/ΤΕΜ,D:/th/51.JPG,0,D:/th/186.JPG
1,Λουκάνικα CRETA FARMS Εν Ελλάδι Λουκάνικα Χωριάτικα με Πράσο Χωρίς γλουτένη 400gr,0,0,3,ΑΛΛΑΝΤΙΚΑ DELICATESSEN CRETA FARMS Creta Farms Εν Ελλάδι Πάριζα Με Ελαιόλαδο Χωρίς Γλουτένη,"4,40 €/τεμ.",0,1.04€/200 γραμ,D:/th/52.JPG,0,D:/th/249.JPG
1,Λάδια Λίπη ΝΕΑ ΦΥΤΙΝΗ Παραδοσιακή Μαγειρικό Λίπος 800gr,2,ΝΕΑ ΦΥΤΙΝΗ Λίπος Μαγειρικό 400 gr Βασικά τυποποιημένα τρόφιμα,0,0,"4,75 €/τεμ.","€2,65",0,D:/th/53.JPG,D:/th/158.JPG,0
1,Ψωμί τυποποιημένο ΚΡΙΣ ΚΡΙΣ Πολύσπορο Ψωμί Τοστ 360gr,2,ΚΡΙΣ ΚΡΙΣ Ψωμί Τόστ Πολύσπορο 360g Άρτος Ζαχαροπλαστείο,0,0,"1,48 €/τεμ.","€1,48",0,D:/th/54.JPG,D:/th/86.JPG,0
1,Γάλατα ψυγείου ΡΟΔΟΠΗ Φρέσκο Γάλα Ελαφρύ 1 7% Βιολογικό 1lt,2,ΔΕΛΤΑ Γάλα Φρέσκο Ελαφρύ 1lt Γαλακτοκομικά & Είδη Ψυγείου,0,0,"2,24 €/τεμ.","€1,28",0,D:/th/55.JPG,D:/th/169.JPG,0
1,Γάλατα ψυγείου ΔΕΛΤΑ Φρέσκο Γάλα Ελαφρύ 2lt,2,ΔΕΛΤΑ Γάλα Φρέσκο Ελαφρύ 1lt Γαλακτοκομικά & Είδη Ψυγείου,0,0,"2,48 €/τεμ.","€1,28",0,D:/th/56.JPG,D:/th/169.JPG,0
1,Νερά ΑΥΡΑ Νερό Φυσικό Μεταλλικό 5x1 5lt +1 Δώρο,2,"ΑΥΡΑ Ανθρακούχο Νερό Φυσικό Μεταλλικό Φιάλη 4x330ml Κρασιά, ποτά, αναψυκτικά, νερά",0,0,"1,70 €/τεμ.","€2,59",0,D:/th/57.JPG,D:/th/113.JPG,0
1,Ποτά ΑΓΙΟΝΕΡΙ Τσίπουρο χωρίς γλυκάνισο 500ml,2,"ΑΓΙΟΝΕΡΙ Τσίπουρο Αγιονέρι Μετεώρων 200ml Κρασιά, ποτά, αναψυκτικά, νερά",0,0,"10,25 €/τεμ.","€4,30",0,D:/th/58.JPG,0,0
1,Ζυμαρικά ΜΑΡΑΤΑ Φιδές ψιλός 250gr,2,ΑΒ Φιδές Ψιλός 250 gr Βασικά τυποποιημένα τρόφιμα,0,0,"0,45 €/τεμ.","€0,45",0,D:/th/59.JPG,D:/th/166.JPG,0
1,Ζυμαρικά MISKO Φιδές Ψιλός 250gr,2,ΑΒ Φιδές Ψιλός 250 gr Βασικά τυποποιημένα τρόφιμα,0,0,"0,55 €/τεμ.","€0,45",0,D:/th/60.JPG,D:/th/166.JPG,0
1,Κατεψυγμένα Γεύματα Χταπόδι με Κοφτό Μακαρονάκι ΚΟΝΤΟΒΕΡΟΣ 300gr,2,ΑΒ YOU'LL LOVE Χταπόδι Με Μακαρονάκι Κοφτό 300gr Έτοιμα Γεύματα,0,0,"4,98 €/τεμ.","€5,00",0,D:/th/61.JPG,D:/th/164.JPG,0
1,Απορρυπαντικά ρούχων VANISH Oxi Action Ενισχυτικό Πλύσης Σκόνη White 300gr,2,"VANISH, OXI ACTION ΕΝΙΣΧΥΤΙΚΟ ΠΛΥΣΗΣ POWER WHITE 500 GR Καθαριστικά - Χαρτικά & είδη σπιτιού",0,0,"3,00 €/τεμ.","€7,18",0,D:/th/62.JPG,D:/th/173.JPG,0
1,Αναψυκτικά Σόδες Ενεργειακά ποτά SPRITE Αναψυκτικό Γκαζόζα 6x330ml,2,"SPRITE Αναψυκτικό Γκαζόζα Κουτί 6x330ml Έκπτωση 0.7Ε Κρασιά, ποτά, αναψυκτικά, νερά",0,0,"3,28 €/τεμ.","€2,58",0,D:/th/63.JPG,D:/th/178.JPG,0
1,Απορρυπαντικά ρούχων SKIP Απορρυπαντικό Πλυντηρίου Ρούχων Σκόνη Spring Fresh 45 πλύσεις,2,SKIP ΣΚΟΝΗ ΠΛΥΝΤΗΡΙΟΥ ΡΟΥΧΩΝ SPRING FRESH 20 MEZ Καθαριστικά - Χαρτικά & είδη σπιτιού,0,0,"7,38 €/τεμ.","€3,89",0,D:/th/64.JPG,D:/th/174.JPG,0
1,Φροντίδα Σώματος SANEX Αποσμητικό Roll On Dermo Extra Control 50ml,2,SANEX Αποσμητικό Roll On Zero% Respect & Control 50ml 1+1 Δώρο Είδη προσωπικής περιποίησης,0,0,"3,88 €/τεμ.",OOS,0,D:/th/65.JPG,D:/th/103.JPG,0
1,Νερά SAN PELLEGRINO Νερό Ανθρακούχο 6x1lt,2,"SAN PELLEGRINO Ανθρακούχο Νερό Φιάλη 250ml Κρασιά, ποτά, αναψυκτικά, νερά",0,0,"6,30 €/τεμ.","€0,78",0,D:/th/66.JPG,D:/th/157.JPG,0
1,Νερά SAN PELLEGRINO Νερό Ανθρακούχο 1lt,2,"SAN PELLEGRINO Ανθρακούχο Νερό Φιάλη 250ml Κρασιά, ποτά, αναψυκτικά, νερά",0,0,"1,05 €/τεμ.","€0,78",0,D:/th/67.JPG,D:/th/157.JPG,0
1,Εντομοαπωθητικά Εντομοκτόνα RAID Night Day Εντομοαπωθητικό Σετ,2,RAID Εντομοαπωθητικό Σετ Night & Day 1 Τεμάχιο Καθαριστικά - Χαρτικά & είδη σπιτιού,0,0,"5,25 €/τεμ.","€3,94",0,D:/th/68.JPG,D:/th/96.JPG,0
1,Βρεφικές Παιδικές πάνες Μωρομάντηλα PAMPERS Premium Care Πάνες Νο2 4-8Kg 148τεμ,2,PAMPERS Πάνες Μωρού Premium Care Monthly Pack Νο2 4-8kg 240 Τεμάχια Όλα για το μωρό,0,0,"24,70 €/τεμ.","€37,99",0,D:/th/69.JPG,D:/th/171.JPG,0
1,Φροντίδα Σώματος NIVEA Men Αποσμητικό Roll On Dry Impact 50ml,2,NIVEA Αποσμητικό Roll On Dry Impact 50ml 1+1 Δώρο 1+1 Είδη προσωπικής περιποίησης,0,0,"4,15 €/τεμ.","€4,05",0,D:/th/70.JPG,D:/th/89.JPG,0
1,Αντηλιακά NIVEA SUN Protect Moisture Αντηλιακό Σώματος Λοσιόν Spf50 200ml,2,NIVEA Αντηλιακή Λοσιόν Protect & Moisture SPF50+ 200ml Είδη προσωπικής περιποίησης,0,0,"9,50 €/τεμ.","€7,75",0,D:/th/71.JPG,D:/th/175.JPG,0
1,Φυτικά Άλλα ροφήματα Ψυγείου NESTLE Junior Ρόφημα Γάλακτος για Νήπια 2+ Ετών 1lt,2,"NESTLE, JUNIOR Ρόφημα Γάλακτος Παιδικό Junior 2+ 1 lt Γαλακτοκομικά & Είδη Ψυγείου",0,0,"2,22 €/τεμ.","€2,22",0,D:/th/72.JPG,0,0
1,Καφέδες Ροφήματα Αφεψήματα NESCAFE Gold Καφές Στιγμιαίος Toffee Nut Latte 8x19 5gr,2,"NESCAFE, GOLD Στιγμιαίος Καφές Vanilla Latte 8x18.5gr Πρωϊνό - snacking & ροφήματα",0,0,"2,80 €/τεμ.","€2,60",0,D:/th/73.JPG,D:/th/116.JPG,0
1,Βούτυρα LURPAK Βούτυρο Soft Αλατισμένο 225gr,2,LURPAK Βούτυρο Soft Αλατισμένο Σκαφάκι 225g Γαλακτοκομικά & Είδη Ψυγείου,0,0,"3,38 €/τεμ.","€3,38",0,D:/th/74.JPG,D:/th/172.JPG,0
1,Σερβιέτες Πάνες ενηλίκων LIBRESSE Σερβιέτες Goodnight Maxi 10τεμ,2,LIBRESSE Σερβιέτες Goodnight Maxi Wings 10 Τεμάχια Είδη προσωπικής περιποίησης,0,0,"1,45 €/τεμ.","€2,98",0,D:/th/75.JPG,D:/th/93.JPG,0
1,Φροντίδα Μαλλιών LE PETIT MARSEILLAIS Σαμπουάν Μαλλιών Καρύδα Άνθη Πορτοκαλιάς για Ενυδάτωση 300ml +1 Δώρο,2,LE PETIT MARSEILLAIS Μάσκα Μαλλιών 3 σε 1 Νερό Καρύδας & Άνθη Πορτοκαλιάς 300ml Είδη προσωπικής περιποίησης,0,0,"3,85 €/τεμ.","€5,49",0,D:/th/76.JPG,D:/th/90.JPG,0
1,Φροντίδα Σώματος LE PETIT MARSEILLAIS Αφρόλουτρο Άνθη Πορτοκαλιάς Βιολογικό 250ml +1 Δώρο,2,LE PETIT MARSEILLAIS Μάσκα Μαλλιών 3 σε 1 Νερό Καρύδας & Άνθη Πορτοκαλιάς 300ml Είδη προσωπικής περιποίησης,0,0,"3,10 €/τεμ.","€5,49",0,D:/th/77.JPG,D:/th/90.JPG,0
1,Καφέδες Ροφήματα Αφεψήματα LAVAZZA Καφές Espresso Oro Mountain Grown 250gr,2,LAVAZZA Καφές Qualita Oro Mountain Grown 250g Πρωϊνό - snacking & ροφήματα,0,0,"6,88 €/τεμ.","€6,89",0,D:/th/78.JPG,D:/th/160.JPG,0
1,Ποτά JOHNNIE WALKER Ουίσκι Double Black 700ml,2,"JOHNNIE WALKER Ουίσκι Black Label 700ml Κρασιά, ποτά, αναψυκτικά, νερά",0,0,"34,20 €/τεμ.","€29,90",0,D:/th/79.JPG,D:/th/108.JPG,0
1,Ποτά JACK DANIEL'S Gentleman Jack Ουίσκι 700ml,2,"JACK DANIEL'S ΟΥΙΣΚΙ HONEY TENESSEE 700 ML Κρασιά, ποτά, αναψυκτικά, νερά",0,0,"30,40 €/τεμ.","€25,60",0,D:/th/80.JPG,D:/th/109.JPG,0
1,Λάδια Λίπη GAEA Εξαιρετικά Παρθένο Ελαιόλαδο Βιολογικό 750ml,2,GAEA Ελαιόλαδο Έξτρα Παρθένο Βιολογικό 750 ml Βασικά τυποποιημένα τρόφιμα,0,0,"6,10 €/τεμ.","€9,10",0,D:/th/81.JPG,D:/th/88.JPG,0
1,Αναψυκτικά Σόδες Ενεργειακά ποτά LIPTON Ice Tea Πράσινο τσάι Λεμόνι Χωρίς ζάχαρη 1 5lt,2,"FUZE Ice Tea Πράσινο Τσάι Λεμόνι Χωρίς Ζάχαρη 500ml Κρασιά, ποτά, αναψυκτικά, νερά",0,0,"1,86 €/τεμ.","€1,37",0,D:/th/82.JPG,D:/th/179.JPG,0
1,Πατατάκια Γαριδάκια άλλα Σνακ ELITE Κράκερς Μεσογειακά Ντομάτα Βασιλικός 3x105gr,2,ELITE Κράκερς Μεσογειακά Ντομάτα & Βασιλικός 3x105g Έκπτωση 1Ε Πρωϊνό - snacking & ροφήματα,0,0,"2,05 €/τεμ.","€2,45",0,D:/th/83.JPG,D:/th/94.JPG,0
1,Αναψυκτικά Σόδες Ενεργειακά ποτά COCA COLA Αναψυκτικό 2x1 5lt,2,"COCA COLA, ZERO ΑΝΑΨΥΚΤΙΚΟ COLA ZERO 1,5LT Κρασιά, ποτά, αναψυκτικά, νερά",0,0,"2,58 €/τεμ.","€1,49",0,D:/th/84.JPG,D:/th/100.JPG,0
1,Ημίσκληρα τυριά Κασέρι ΘΥΜΕΛΗΣ ΠΟΠ Μυτιλήνης 300gr,2,#NAME?,0,0,"4,08 €/τεμ.","~€4,56",0,D:/th/85.JPG,D:/th/165.JPG,0
2,ΚΡΙΣ ΚΡΙΣ Ψωμί Τόστ Πολύσπορο 360g Άρτος Ζαχαροπλαστείο,1,Ψωμί τυποποιημένο ΚΡΙΣ ΚΡΙΣ Πολύσπορο Ψωμί Τοστ 360gr,0,0,"€1,48","1,48 €/τεμ.",0,D:/th/86.JPG,D:/th/54.JPG,0
2,ΚΑΡΑΜΟΛΕΓΚΟΣ Ψωμί Τοστ Σίκαλης Μίνι 340g Άρτος Ζαχαροπλαστείο,1,Ψωμί τυποποιημένο ΚΑΡΑΜΟΛΕΓΚΟΣ Ψωμί Τοστ Σίκαλης Μίνι 340gr,3,ΑΡΤΟΖΑΧΑΡΟΠΛΑΣΤΕΙΟ ΚΑΡΑΜΟΛΕΓΚΟΣ Καραμολέγκος Ψωμί Τοστ Σίκαλης 340 gr,"€1,20","1,20 €/τεμ.",1.20€/ΤΕΜ,D:/th/87.JPG,D:/th/24.JPG,D:/th/189.JPG
2,GAEA Ελαιόλαδο Έξτρα Παρθένο Βιολογικό 750 ml Βασικά τυποποιημένα τρόφιμα,1,Λάδια Λίπη GAEA Εξαιρετικά Παρθένο Ελαιόλαδο Βιολογικό 750ml,3,ΣΥΣΚΕΥΑΣΜΕΝΑ ΤΡΟΦΙΜΑ ΧΩΡΙΟ Χωριό Παρθένο Ελαιόλαδο 750 ml,"€9,10","6,10 €/τεμ.","5.69€ /ΤΕΜ
6.32€/ΤΕΜ",D:/th/88.JPG,D:/th/81.JPG,D:/th/237.JPG
2,NIVEA Αποσμητικό Roll On Dry Impact 50ml 1+1 Δώρο 1+1 Είδη προσωπικής περιποίησης,1,Φροντίδα Σώματος NIVEA Men Αποσμητικό Roll On Dry Impact 50ml,0,0,"€4,05","4,15 €/τεμ.",0,D:/th/89.JPG,D:/th/70.JPG,0
2,LE PETIT MARSEILLAIS Μάσκα Μαλλιών 3 σε 1 Νερό Καρύδας & Άνθη Πορτοκαλιάς 300ml Είδη προσωπικής περιποίησης,1,Φροντίδα Μαλλιών LE PETIT MARSEILLAIS Σαμπουάν Μαλλιών Καρύδα Άνθη Πορτοκαλιάς για Ενυδάτωση 300ml +1 Δώρο,0,0,"€5,49","3,85 €/τεμ.",0,D:/th/90.JPG,D:/th/76.JPG,0
2,"PHILADELPHIA Τυρί Κρέμα 300gr Τυριά, Αλλαντικά & Delicatessen",1,Τυριά αλειφόμενα Μίνι τυράκια Τυρί Κρέμα PHILADELPHIA 300gr,0,0,"€2,98","2,98 €/τεμ.",0,D:/th/91.JPG,D:/th/8.JPG,0
2,LACTA Σοκολάτα Γάλακτος Αμυγδάλου 85gr Πρωϊνό - snacking & ροφήματα,1,Σοκολάτες LACTA Σοκολάτα Αμυγδάλου 85gr,0,0,"€1,03","1,38 €/τεμ.",0,D:/th/92.JPG,D:/th/10.JPG,0
2,LIBRESSE Σερβιέτες Goodnight Maxi Wings 10 Τεμάχια Είδη προσωπικής περιποίησης,1,Σερβιέτες Πάνες ενηλίκων LIBRESSE Σερβιέτες Goodnight Maxi 10τεμ,0,0,"€2,98","1,45 €/τεμ.",0,D:/th/93.JPG,D:/th/75.JPG,0
2,ELITE Κράκερς Μεσογειακά Ντομάτα & Βασιλικός 3x105g Έκπτωση 1Ε Πρωϊνό - snacking & ροφήματα,1,Πατατάκια Γαριδάκια άλλα Σνακ ELITE Κράκερς Μεσογειακά Ντομάτα Βασιλικός 3x105gr,0,0,"€2,45","2,05 €/τεμ.",0,D:/th/94.JPG,D:/th/83.JPG,0
2,"ΤΟ ΚΡΑΣΙ ΤΗΣ ΠΑΡΕΑΣ Οίνος Λευκός 1lt Κρασιά, ποτά, αναψυκτικά, νερά",1,Κρασιά Σαμπάνιες ΤΟ ΚΡΑΣΙ ΤΗΣ ΠΑΡΕΑΣ Ένωση Πεζών Κρήτης Λευκός Οίνος 1lt,0,0,"€2,29","2,40 €/τεμ.",0,D:/th/95.JPG,D:/th/1.JPG,0
2,RAID Εντομοαπωθητικό Σετ Night & Day 1 Τεμάχιο Καθαριστικά - Χαρτικά & είδη σπιτιού,1,Εντομοαπωθητικά Εντομοκτόνα RAID Night Day Εντομοαπωθητικό Σετ,0,0,"€3,94","5,25 €/τεμ.",0,D:/th/96.JPG,D:/th/68.JPG,0
2,ΠΑΠΑΔΟΠΟΥΛΟΥ ΜΠΙΣΚΟΤΑ ΜΕ ΚΟΜΜΑΤΙΑ ΣΟΚΟΛΑΤΑΣ 180 GR Πρωϊνό - snacking & ροφήματα,1,Μπισκότα ΠΑΠΑΔΟΠΟΥΛΟΥ Cookies Μπισκότα με Κομμάτια Σοκολάτας Κακάο 2x180gr,3,ΠΡΩΙΝΟ ΡΟΦΗΜΑΤΑ ΣΝΑΚΣ ΠΑΠΑΔΟΠΟΥΛΟΥ Παπαδοπούλου Cookies Μπισκότα Με Κομμάτια Σοκολάτας Κακάο 2 x 180 gr -0 65€,"€1,37","1,59 €/τεμ.","1.48€ /ΤΕΜ
1.97€/ΤΕΜ",D:/th/97.JPG,D:/th/13.JPG,D:/th/180.JPG
2,"AMITA ΦΥΣΙΚΟΣ ΧΥΜΟΣ ΠΟΡΤΟΚΑΛΙ ΜΗΛΟ ΚΑΡΟΤΟ 330 ML Κρασιά, ποτά, αναψυκτικά, νερά",1,Χυμοί VIVA Fresh Χυμός Φυσικός Καρότο Μήλο Πορτοκάλι 1lt,3,ΠΟΤΑ ΧΥΜΟΙ ΑΝΑΨΥΚΤΙΚΑ ΑΜΙΤΑ Amita Motion Φυσικός Χυμός 330 ml,"€0,70","1,17 €/τεμ.",0.90€/ΤΕΜ,D:/th/98.JPG,0,D:/th/196.JPG
2,"COCA COLA, ZERO ΑΝΑΨΥΚΤΙΚΟ COLA 2 X1 LT Κρασιά, ποτά, αναψυκτικά, νερά",1,Αναψυκτικά Σόδες Ενεργειακά ποτά COCA COLA Zero Αναψυκτικό Χωρίς ζάχαρη 330ml,3,ΠΟΤΑ ΧΥΜΟΙ ΑΝΑΨΥΚΤΙΚΑ COCA COLA Coca Cola Zero Αναψυκτικό 6 x 330 ml,"€2,16","0,64 €/τεμ.",3.90€/ΤΕΜ,D:/th/99.JPG,D:/th/44.JPG,D:/th/181.JPG
2,"COCA COLA, ZERO ΑΝΑΨΥΚΤΙΚΟ COLA ZERO 1,5LT Κρασιά, ποτά, αναψυκτικά, νερά",1,Αναψυκτικά Σόδες Ενεργειακά ποτά COCA COLA Zero Αναψυκτικό Χωρίς ζάχαρη 330ml,3,ΠΟΤΑ ΧΥΜΟΙ ΑΝΑΨΥΚΤΙΚΑ COCA COLA Coca Cola Zero Αναψυκτικό 6 x 330 ml,"€1,49","0,64 €/τεμ.",3.90€/ΤΕΜ,D:/th/100.JPG,D:/th/44.JPG,D:/th/181.JPG
2,ΚΑΡΑΜΟΛΕΓΚΟΣ Ψωμί Τόστ Σταρένιο Protein 340gr Άρτος Ζαχαροπλαστείο,1,Ψωμί τυποποιημένο ΚΑΡΑΜΟΛΕΓΚΟΣ Ψωμί Τοστ Σίκαλης Μίνι 340gr,0,0,"€1,05","1,20 €/τεμ.",0,D:/th/101.JPG,D:/th/24.JPG,0
2,"HBH Φρουτοποτό Βύσσινο 1lt Κρασιά, ποτά, αναψυκτικά, νερά",1,Χυμοί ΜΑΡΑΤΑ Χυμός Φρουτοποτό Βύσσινο 1lt,0,0,OOS,"0,90 €/τεμ.",0,D:/th/102.JPG,D:/th/17.JPG,0
2,SANEX Αποσμητικό Roll On Zero% Respect & Control 50ml 1+1 Δώρο Είδη προσωπικής περιποίησης,1,Φροντίδα Σώματος SANEX Αποσμητικό Roll On Dermo Extra Control 50ml,0,0,OOS,"3,88 €/τεμ.",0,D:/th/103.JPG,D:/th/65.JPG,0
2,"NIVEA, FOR MEN Αποσμητικό Roll On Stress Protect 50ml Είδη προσωπικής περιποίησης",1,Φροντίδα Σώματος NIVEA Men Αποσμητικό Roll On Dry Impact 50ml,0,0,"€4,05","4,15 €/τεμ.",0,D:/th/104.JPG,D:/th/70.JPG,0
2,LE PETIT MARSEILLAIS Αφρόλουτρο Καρύδα 650ml 1+1 Δώρο (1+1) Είδη προσωπικής περιποίησης,1,Φροντίδα Σώματος LE PETIT MARSEILLAIS Αφρόλουτρο Άνθη Πορτοκαλιάς Βιολογικό 250ml +1 Δώρο,0,0,"€4,83","3,10 €/τεμ.",0,D:/th/105.JPG,D:/th/77.JPG,0
2,ΙΟΝ Σοκολάτα Γάλακτος 100gr Πρωϊνό - snacking & ροφήματα,1,Σοκολάτες ΙΟΝ Σοκολάτα Γάλακτος 200gr,0,0,"€1,42","2,48 €/τεμ.",0,D:/th/106.JPG,D:/th/5.JPG,0
2,ΙΟΝ Σοκολάτα Γάλακτος Αμυγδάλου 70gr Πρωϊνό - snacking & ροφήματα,1,Σοκολάτες ΙΟΝ Σοκολάτα Αμυγδάλου 100gr,0,0,"€1,18","1,42 €/τεμ.",0,D:/th/107.JPG,D:/th/15.JPG,0
2,"JOHNNIE WALKER Ουίσκι Black Label 700ml Κρασιά, ποτά, αναψυκτικά, νερά",1,Ποτά JOHNNIE WALKER Ουίσκι Double Black 700ml,0,0,"€29,90","34,20 €/τεμ.",0,D:/th/108.JPG,D:/th/79.JPG,0
2,"JACK DANIEL'S ΟΥΙΣΚΙ HONEY TENESSEE 700 ML Κρασιά, ποτά, αναψυκτικά, νερά",1,Ποτά JACK DANIEL'S Gentleman Jack Ουίσκι 700ml,0,0,"€25,60","30,40 €/τεμ.",0,D:/th/109.JPG,D:/th/80.JPG,0
2,"BACARDI Ρούμι Λευκό Carta Blanca 700ml Κρασιά, ποτά, αναψυκτικά, νερά",1,Ποτά BACARDI Ρούμι 700ml,0,0,"€18,35","18,35 €/τεμ.",0,D:/th/110.JPG,D:/th/19.JPG,0
2,PUMMARO Τομάτα Passata Με Καπάκι 500 gr Βασικά τυποποιημένα τρόφιμα,1,Ντοματικά PUMMARO Τομάτα Πασσάτα Κλασικό με καπάκι 500gr,0,0,"€0,86","0,86 €/τεμ.",0,D:/th/111.JPG,D:/th/7.JPG,0
2,"ΖΑΓΟΡΙ ΦΥΣΙΚΟ ΜΕΤΑΛΛΙΚΟ ΝΕΡΟ 750 ML Κρασιά, ποτά, αναψυκτικά, νερά",1,Νερά ΖΑΓΟΡΙ Go Green Νερό Φυσικό Μεταλλικό 6x330ml,0,0,"€0,40","1,05 €/τεμ.",0,D:/th/112.JPG,D:/th/16.JPG,0
2,"ΑΥΡΑ Ανθρακούχο Νερό Φυσικό Μεταλλικό Φιάλη 4x330ml Κρασιά, ποτά, αναψυκτικά, νερά",1,Νερά ΑΥΡΑ Νερό Φυσικό Μεταλλικό 5x1 5lt +1 Δώρο,0,0,"€2,59","1,70 €/τεμ.",0,D:/th/113.JPG,D:/th/57.JPG,0
2,"ΤΟ ΚΡΑΣΙ ΤΗΣ ΠΑΡΕΑΣ Οίνος Ροζέ Κοκκινέλι 1lt Κρασιά, ποτά, αναψυκτικά, νερά",1,Κρασιά Σαμπάνιες ΤΟ ΚΡΑΣΙ ΤΗΣ ΠΑΡΕΑΣ Ένωση Πεζών Κρήτης Λευκός Οίνος 1lt,0,0,OOS,"2,40 €/τεμ.",0,D:/th/114.JPG,D:/th/1.JPG,0
2,"ΤΟ ΚΡΑΣΙ ΤΗΣ ΠΑΡΕΑΣ ΟΙΝΟΣ ΛΕΥΚΟΣ 5 LT Κρασιά, ποτά, αναψυκτικά, νερά",1,Κρασιά Σαμπάνιες ΤΟ ΚΡΑΣΙ ΤΗΣ ΠΑΡΕΑΣ Ένωση Πεζών Κρήτης Λευκός Οίνος 1lt,0,0,"€10,06","2,40 €/τεμ.",0,D:/th/115.JPG,D:/th/1.JPG,0
2,"NESCAFE, GOLD Στιγμιαίος Καφές Vanilla Latte 8x18.5gr Πρωϊνό - snacking & ροφήματα",1,Καφέδες Ροφήματα Αφεψήματα NESCAFE Gold Καφές Στιγμιαίος Toffee Nut Latte 8x19 5gr,0,0,"€2,60","2,80 €/τεμ.",0,D:/th/116.JPG,D:/th/73.JPG,0
2,KNORR ΜΕ ΜΠΑΧΑΡΙΚΑ ΤΣΙΠΣ ΓΑΡΙΔΑΣ 75 GR Βασικά τυποποιημένα τρόφιμα,0,0,3,ΠΡΩΙΝΟ ΡΟΦΗΜΑΤΑ ΣΝΑΚΣ KNORR Knorr Τσιπς Γαρίδας Με Μπαχαρικά 75 gr,"€1,38",0,1.72€/ΤΕΜ,D:/th/117.JPG,0,D:/th/234.JPG
2,"FAIRY ΥΓΡΟ ΑΠΟΡΡΥΠΑΝΤΙΚΟ ΠΙΑΤΩΝ ΚΑΝΟΝΙΚΟ 1,5 LT Καθαριστικά - Χαρτικά & είδη σπιτιού",1,Απορρυπαντικά πιάτων FAIRY Original Απορρυπαντικό Πλυντηρίου Πιάτων Ταμπλέτες Κανονικό 20τεμ,3,ΟΙΚΙΑΚΗ ΦΡΟΝΤΙΔΑ FAIRY Fairy Υγρό Απορρυπαντικό Πιάτων 1 5 lt,"€5,68","8,98 €/τεμ.",5.68€/ΤΕΜ,D:/th/118.JPG,0,D:/th/238.JPG
2,"ARLA Τυρί Havarti Light 16% Φέτες 150g Τυριά, Αλλαντικά & Delicatessen",0,0,3,ΤΥΡΟΚΟΜΙΚΑ ARLA Arla Havarti Τυρί 45%,OOS,0,2.24€/250 γραμ,D:/th/119.JPG,0,D:/th/214.JPG
2,ΑΒ Κρέμα Γάλακτος 200 ml Γαλακτοκομικά & Είδη Ψυγείου,0,0,3,ΓΑΛΑΚΤΟΚΟΜΙΚΑ ΕΙΔΗ ΨΥΓΕΙΟΥ ΟΛΥΜΠΟΣ Όλυμπος Κρέμα Γάλακτος 20% 2 x 200 ml + 1 Δώρο,"€1,24",0,2.64€/ΤΕΜ,D:/th/120.JPG,0,D:/th/226.JPG
2,ΚΡΙ ΚΡΙ Γιαούρτι Χωρίς Λακτόζη 2% 3 X 200 gr 2+1 Γαλακτοκομικά & Είδη Ψυγείου,0,0,3,ΓΑΛΑΚΤΟΚΟΜΙΚΑ ΕΙΔΗ ΨΥΓΕΙΟΥ ΚΡΙ ΚΡΙ Κρι Κρι Αγελάδος Γιαούρτι 3 9% 2 x 200 gr + 1 Δώρο,"€1,71",0,1.92€/ΤΕΜ,D:/th/121.JPG,0,D:/th/188.JPG
2,"TENA, PANTS ΠΑΝΑ ΒΡΑΚΑΚΙ PLUS EXTRA LARGE 12 ΤΕΜ Είδη προσωπικής περιποίησης",0,0,3,ΥΓΕΙΑ ΟΜΟΡΦΙΑ TENA Tena Pants Plus Πάνα Ακράτειας Large 14 Τεμάχια,"€12,87",0,"10.67€ /ΤΕΜ
17.78€/ΤΕΜ",D:/th/122.JPG,0,D:/th/211.JPG
2,PALMOLIVE Κρεμοσάπουνο Naturals Γάλα & Aμύγδαλο Ανταλλακτικό 750ml Είδη προσωπικής περιποίησης,0,0,3,ΥΓΕΙΑ ΟΜΟΡΦΙΑ PALMOLIVE Palmolive Υγρό Κρεμοσάπουνο Naturals Γάλα Aμύγδαλο Ανταλλακτικό Σακουλάκι 250ml,"€1,56",0,"0.71€ /ΤΕΜ
1.18€/ΤΕΜ",D:/th/123.JPG,0,D:/th/232.JPG
2,ELVIVE ΣΑΜΠΟΥΑΝ EXTRAORDINARY OIL 400 ML Είδη προσωπικής περιποίησης,0,0,3,ΥΓΕΙΑ ΟΜΟΡΦΙΑ ELVIVE Elvive Σαμπουάν Extraordinary Oil 400 ml,"€2,99",0,"2.74€ /ΤΕΜ
4.98€/ΤΕΜ",D:/th/124.JPG,0,D:/th/240.JPG
2,DUREX ΠΡΟΦΥΛΑΚΤΙΚΑ TOTAL CONTACT 12 ΤΕΜ Είδη προσωπικής περιποίησης,0,0,3,ΥΓΕΙΑ ΟΜΟΡΦΙΑ DUREX Durex Προφυλακτικά Classic 12 Τεμάχια,"€10,33",0,"8.74€ /ΤΕΜ
10.28€/ΤΕΜ",D:/th/125.JPG,0,D:/th/241.JPG
2,DOVE ΑΠΟΣΜΗΤΙΚΟ SPRAY COCONUT 150 ML Είδη προσωπικής περιποίησης,0,0,3,ΥΓΕΙΑ ΟΜΟΡΦΙΑ DOVE Dove Men Αποσμητικό Spray Cleancomfort 150 ml,"€3,14",0,"2.24€ /ΤΕΜ
4.48€/ΤΕΜ",D:/th/126.JPG,0,0
2,COLGATE Οδοντόκρεμα Total Advanced Deep Clean 75ml Είδη προσωπικής περιποίησης,0,0,3,ΥΓΕΙΑ ΟΜΟΡΦΙΑ COLGATE Colgate Οδοντόκρεμα Total Advanced Enamel Health 75ml,"€2,38",0,"1.99€ /ΤΕΜ
3.98€/ΤΕΜ",D:/th/127.JPG,0,D:/th/243.JPG
2,"COLGATE, MAX WHITE Οδοντόκρεμα Max White One 75ml Είδη προσωπικής περιποίησης",0,0,3,ΥΓΕΙΑ ΟΜΟΡΦΙΑ COLGATE Colgate Οδοντόκρεμα Max White One 75ml,"€2,18",0,"1.92€ /ΤΕΜ
3.84€/ΤΕΜ",D:/th/128.JPG,0,D:/th/205.JPG
2,"AIM, CRYSTAL ΟΔΟΝΤΟΚΡΕΜΑ CRYSTAL 75 ML Είδη προσωπικής περιποίησης",0,0,3,ΥΓΕΙΑ ΟΜΟΡΦΙΑ AIM Aim Οδοντόκρεμα White System 75 ml,OOS,0,"1.47€ /ΤΕΜ
2.94€/ΤΕΜ",D:/th/129.JPG,0,D:/th/245.JPG
2,"LA VACHE QUI RIT Τηγμένο Τυρί Τυροβουτιές 140g 3+1 Δώρο Τυριά, Αλλαντικά & Delicatessen",0,0,3,ΤΥΡΟΚΟΜΙΚΑ LA VACHE QUI RIT La Vache Qui Rit Τυρί Cheddar 10 Φέτες 200 gr,OOS,0,1.98€/ΤΕΜ,D:/th/130.JPG,0,D:/th/212.JPG
2,"LA VACHE QUI RIT Τηγμένο Τυρί 16 Μερίδες 267g Τυριά, Αλλαντικά & Delicatessen",0,0,3,ΤΥΡΟΚΟΜΙΚΑ LA VACHE QUI RIT La Vache Qui Rit Τυρί Cheddar 10 Φέτες 200 gr,"€2,98",0,1.98€/ΤΕΜ,D:/th/131.JPG,0,D:/th/212.JPG
2,ΜΥΛΟΙ ΑΓΙΟΥ ΓΕΩΡΓΙΟΥ Αλεύρι Σκληρό 1kg 2+1 Δώρο 2+1 ΔΩΡΟ Βασικά τυποποιημένα τρόφιμα,0,0,3,ΣΥΣΚΕΥΑΣΜΕΝΑ ΤΡΟΦΙΜΑ ΜΥΛΟΙ ΑΓΙΟΥ ΓΕΩΡΓΙΟΥ Μύλοι Αγίου Γεωργίου Αλεύρι Καλαμποκιού 500 gr,"€3,36",0,0.89€/ΤΕΜ,D:/th/132.JPG,0,D:/th/209.JPG
2,ΓΙΩΤΗΣ ΦΡΟΥΙ ΖΕΛΕ ΚΕΡΑΣΙ 2 Χ 100 GR Βασικά τυποποιημένα τρόφιμα,0,0,3,ΣΥΣΚΕΥΑΣΜΕΝΑ ΤΡΟΦΙΜΑ ΓΙΩΤΗΣ Γιώτης Φρουί Ζελέ Κεράσι 200 gr (2 x 100 gr),"€1,03",0,"1.10€ /ΤΕΜ
1.38€/ΤΕΜ",D:/th/133.JPG,0,D:/th/223.JPG
2,ΓΙΩΤΗΣ Άνθος Αραβοσίτου Βανίλια 43g Βασικά τυποποιημένα τρόφιμα,0,0,3,ΣΥΣΚΕΥΑΣΜΕΝΑ ΤΡΟΦΙΜΑ ΓΙΩΤΗΣ Γιώτης Ανθός Αραβοσίτου Βανίλια 43 gr,"€0,32",0,0.32€/ΤΕΜ,D:/th/134.JPG,0,D:/th/224.JPG
2,ΓΙΩΤΗΣ Άνθος Αραβοσίτου Βανίλια 160g Βασικά τυποποιημένα τρόφιμα,0,0,3,ΣΥΣΚΕΥΑΣΜΕΝΑ ΤΡΟΦΙΜΑ ΓΙΩΤΗΣ Γιώτης Ανθός Αραβοσίτου Βανίλια 43 gr,"€0,98",0,0.32€/ΤΕΜ,D:/th/135.JPG,0,D:/th/224.JPG
2,ΒΛΑΧΑ Τραχανάς Ξινός Βλάχα 500 gr Βασικά τυποποιημένα τρόφιμα,0,0,3,ΣΥΣΚΕΥΑΣΜΕΝΑ ΤΡΟΦΙΜΑ ΒΛΑΧΑ Βλάχα Τραχανάς Ξινός 500 gr,"€2,44",0,2.52€/ΤΕΜ,D:/th/136.JPG,0,D:/th/225.JPG
2,RIO MARE Τόνος Σε Λάδι 2X104 gr Βασικά τυποποιημένα τρόφιμα,0,0,3,ΣΥΣΚΕΥΑΣΜΕΝΑ ΤΡΟΦΙΜΑ RIO MARE Rio Mare Τόνος Σε Ελαιόλαδο 80 gr,"€6,25",0,"1.78€ /ΤΕΜ
1.98€/ΤΕΜ",D:/th/137.JPG,0,D:/th/231.JPG
2,MISKO Σπαγγετίνη Ολικής Άλεσης Νο10 500gr Βασικά τυποποιημένα τρόφιμα,1,Ζυμαρικά MISKO Σπαγγετίνη Ολικής Άλεσης Νο10 500gr,3,ΣΥΣΚΕΥΑΣΜΕΝΑ ΤΡΟΦΙΜΑ MISKO Misko Μακαρόνια Σπαγγετίνη Ν10 Ολικής Άλεσης 500 gr,"€0,91","0,77 €/τεμ.","0.92€ /ΤΕΜ
1.22€/ΤΕΜ",D:/th/138.JPG,D:/th/33.JPG,D:/th/233.JPG
2,CANDEREL Υποκατάστατο Ζάχαρης Στέβια Σκόνη 40gr Βασικά τυποποιημένα τρόφιμα,0,0,3,ΣΥΣΚΕΥΑΣΜΕΝΑ ΤΡΟΦΙΜΑ CANDEREL Canderel Υποκατάστατο Ζάχαρης 120 Δισκία,"€3,81",0,3.22€/ΤΕΜ,D:/th/139.JPG,0,D:/th/244.JPG
2,CANDEREL Υποκατάστατο Ζάχαρης Sticks 100 Τεμάχια Βασικά τυποποιημένα τρόφιμα,0,0,3,ΣΥΣΚΕΥΑΣΜΕΝΑ ΤΡΟΦΙΜΑ CANDEREL Canderel Υποκατάστατο Ζάχαρης 120 Δισκία,"€3,47",0,3.22€/ΤΕΜ,D:/th/140.JPG,0,D:/th/244.JPG
2,CANDEREL Υποκατάστατο Ζάχαρης Στέβια Υγρό 50ml Βασικά τυποποιημένα τρόφιμα,0,0,3,ΣΥΣΚΕΥΑΣΜΕΝΑ ΤΡΟΦΙΜΑ CANDEREL Canderel Υποκατάστατο Ζάχαρης 120 Δισκία,"€3,05",0,3.22€/ΤΕΜ,D:/th/141.JPG,0,D:/th/244.JPG
2,"REDBULL Ενεργειακό Ποτό Red Bull 4x250ml Κρασιά, ποτά, αναψυκτικά, νερά",1,Αναψυκτικά Σόδες Ενεργειακά ποτά RED BULL Ενεργειακό Ποτό 355ml,3,ΠΟΤΑ ΧΥΜΟΙ ΑΝΑΨΥΚΤΙΚΑ RED BULL Red Bull Ενεργειακό Ποτό Χωρίς Ζάχαρη 250 ml,"€4,19","1,32 €/τεμ.","0.99€ /ΤΕΜ
1.18€/ΤΕΜ",D:/th/142.JPG,D:/th/12.JPG,D:/th/191.JPG
2,"ΚΟΡΠΗ Ανθρακούχο Νερό Φυσικό Μεταλλικό 4x330ml 3+1 Δώρο Κρασιά, ποτά, αναψυκτικά, νερά",1,Νερά ΚΟΡΠΗ Νερό Φυσικό Μεταλλικό 500ml 10Τεμ +2 Δώρο,3,ΠΟΤΑ ΧΥΜΟΙ ΑΝΑΨΥΚΤΙΚΑ PERRIER Perrier Φυσικό Μεταλλικό Ανθρακούχο Νερό Lemon 6 x 500 ml,"€1,78","2,50 €/τεμ.",5.69€/ΤΕΜ,D:/th/143.JPG,D:/th/14.JPG,D:/th/222.JPG
2,"GREEN Αναψυκτικό Cola Στέβια Φιάλη 1.5lt Κρασιά, ποτά, αναψυκτικά, νερά",0,0,3,ΠΟΤΑ ΧΥΜΟΙ ΑΝΑΨΥΚΤΙΚΑ GREEN COLA Green Cola Αναψυκτικό 1 5 lt,"€0,99",0,1.32€/ΤΕΜ,D:/th/144.JPG,0,D:/th/236.JPG
2,FAIRY Κάψουλες Πλυντηρίου Πιάτων All in 1 Platinum 22 Τεμάχια Καθαριστικά - Χαρτικά & είδη σπιτιού,0,0,3,ΟΙΚΙΑΚΗ ΦΡΟΝΤΙΔΑ FINISH Finish All In 1 Κάψουλες Πλυντηρίου Πιάτων 27 Τεμάχια,"€10,48",0,"6.29€ /ΤΕΜ
10.48€/ΤΕΜ",D:/th/145.JPG,0,D:/th/239.JPG
2,ALFA Χορτόπιτα Πηλίου Κατεψυγμένη 850 gr Κατεψυγμένα τρόφιμα,0,0,3,ΚΑΤΕΨΥΓΜΕΝΑ ALFA Alfa Τυρόπιτα Τσαλακωτή Πηλίου 850 gr,"€5,95",0,"4.17€ /ΤΕΜ
5.96€/ΤΕΜ",D:/th/146.JPG,0,D:/th/216.JPG
2,TOTAL Γιαούρτι Στραγγιστό 3 x 200 gr Γαλακτοκομικά & Είδη Ψυγείου,0,0,3,ΓΑΛΑΚΤΟΚΟΜΙΚΑ ΕΙΔΗ ΨΥΓΕΙΟΥ ΟΛΥΜΠΟΣ Όλυμπος Στραγγιστό Γιαούρτι 5% 3 x 200 gr,"€2,31",0,"2.37€ /ΤΕΜ
3.64€/ΤΕΜ",D:/th/147.JPG,0,D:/th/229.JPG
2,ΧΡΥΣΑ ΑΥΓΑ Αυγά Βιολογικά Medium 53/63 gr 6 Τεμάχια Γαλακτοκομικά & Είδη Ψυγείου,0,0,3,ΓΑΛΑΚΤΟΚΟΜΙΚΑ ΕΙΔΗ ΨΥΓΕΙΟΥ ΛΑΔΑΚΗΣ FARM Λαδάκης Farm Αυγά Medium 53 – 63 gr 10 Τεμάχια,OOS,0,"2.21€ /ΤΕΜ
2.95€/ΤΕΜ",D:/th/148.JPG,0,D:/th/217.JPG
2,ACTIVIA Γιαούρτι Αγελάδος 2% Λιπαρά 3 Χ 200 gr Γαλακτοκομικά & Είδη Ψυγείου,0,0,3,ΓΑΛΑΚΤΟΚΟΜΙΚΑ ΕΙΔΗ ΨΥΓΕΙΟΥ ΚΡΙ ΚΡΙ Κρι Κρι Αγελάδος Γιαούρτι 3 9% 2 x 200 gr + 1 Δώρο,"€2,70",0,1.92€/ΤΕΜ,D:/th/149.JPG,0,D:/th/188.JPG
2,ΚΡΙ ΚΡΙ Επιδόρπιο Γιαουρτιού Ροδάκινο 3 X 200 gr 2+1 ΔΩΡΟ Γαλακτοκομικά & Είδη Ψυγείου,0,0,3,ΓΑΛΑΚΤΟΚΟΜΙΚΑ ΕΙΔΗ ΨΥΓΕΙΟΥ ΚΡΙ ΚΡΙ Κρι Κρι Αγελάδος Γιαούρτι 3 9% 2 x 200 gr + 1 Δώρο,"€2,80",0,1.92€/ΤΕΜ,D:/th/150.JPG,0,D:/th/188.JPG
2,ΚΡΙ ΚΡΙ Επιδόρπιο Γιαουρτιού Peppa Pig Φράουλα Μπισκότο 3x140g 2+1 Δώρο Γαλακτοκομικά & Είδη Ψυγείου,0,0,3,ΓΑΛΑΚΤΟΚΟΜΙΚΑ ΕΙΔΗ ΨΥΓΕΙΟΥ ΚΡΙ ΚΡΙ Κρι Κρι Kids Peppa Pig Παιδικό Επιδόρπιο Γιαουρτιού 1.7% Με Πουρέ Φράουλας Μπισκότο 2 x 140 gr + 1,"€2,25",0,2.25€/ΤΕΜ,D:/th/151.JPG,0,D:/th/221.JPG
2,DANETTE Επιδόρπιο Κρέμα Βανίλια 4 X 125 gr Γαλακτοκομικά & Είδη Ψυγείου,0,0,3,ΓΑΛΑΚΤΟΚΟΜΙΚΑ ΕΙΔΗ ΨΥΓΕΙΟΥ DANONE Danone Danette Επιδόρπιο Γλύκισμα Σοκολάτα 4 x 125 gr,"€2,76",0,2.76€/ΤΕΜ,D:/th/152.JPG,0,D:/th/242.JPG
2,ΤΖΙΦΡΗΣ Επιδόρπιο Γλύκισμα Κρέμα Σοκολάτα 180 gr Γαλακτοκομικά & Είδη Ψυγείου,0,0,3,ΓΑΛΑΚΤΟΚΟΜΙΚΑ ΕΙΔΗ ΨΥΓΕΙΟΥ DANONE Danone Danette Επιδόρπιο Γλύκισμα Σοκολάτα 4 x 125 gr,"€0,90",0,2.76€/ΤΕΜ,D:/th/153.JPG,0,D:/th/242.JPG
2,ΠΑΠΑΔΟΠΟΥΛΟΥ ΨΩΜΙ ΤΟΣΤ ΣΙΤΟΥ ΓΕΥΣΗ2 700 GR Άρτος Ζαχαροπλαστείο,0,0,3,ΑΡΤΟΖΑΧΑΡΟΠΛΑΣΤΕΙΟ ΠΑΠΑΔΟΠΟΥΛΟΥ Παπαδοπούλου Γεύση 2 Ψωμί Τοστ Ολικής Άλεσης Σίτου Σίκαλης 700 gr,"€1,41",0,"1.43€ /ΤΕΜ
1.79€/ΤΕΜ",D:/th/154.JPG,0,D:/th/218.JPG
2,"ΜΑΚΕΔΟΝΙΚΟΣ Χαλβάς Κακάο 500g Τυριά, Αλλαντικά & Delicatessen",0,0,3,ΑΛΛΑΝΤΙΚΑ DELICATESSEN ΜΑΚΕΔΟΝΙΚΟΣ ΧΑΛΒΑΣ Μακεδονικός Χαλβάς Φυστικοβούτυρο Χωρίς Γλουτένη 200 gr,"€4,90",0,3.62€/ΤΕΜ,D:/th/155.JPG,0,D:/th/220.JPG
2,"ΜΑΚΕΔΟΝΙΚΟΣ Χαλβάς Βανίλια 40 gr Τυριά, Αλλαντικά & Delicatessen",0,0,3,ΑΛΛΑΝΤΙΚΑ DELICATESSEN ΜΑΚΕΔΟΝΙΚΟΣ ΧΑΛΒΑΣ Μακεδονικός Χαλβάς Φυστικοβούτυρο Χωρίς Γλουτένη 200 gr,"€0,68",0,3.62€/ΤΕΜ,D:/th/156.JPG,0,D:/th/220.JPG
2,"SAN PELLEGRINO Ανθρακούχο Νερό Φιάλη 250ml Κρασιά, ποτά, αναψυκτικά, νερά",1,Νερά SAN PELLEGRINO Νερό Ανθρακούχο 1lt,0,0,"€0,78","1,05 €/τεμ.",0,D:/th/157.JPG,D:/th/67.JPG,0
2,ΝΕΑ ΦΥΤΙΝΗ Λίπος Μαγειρικό 400 gr Βασικά τυποποιημένα τρόφιμα,1,Λάδια Λίπη ΝΕΑ ΦΥΤΙΝΗ Παραδοσιακή Μαγειρικό Λίπος 800gr,0,0,"€2,65","4,75 €/τεμ.",0,D:/th/158.JPG,D:/th/53.JPG,0
2,"ΚΥΡ ΓΙΑΝΝΗ, ΤΕΣΣΕΡΙΣ ΛΙΜΝΕΣ Οίνος Λευκός Τέσσερις Λίμνες 750ml Κρασιά, ποτά, αναψυκτικά, νερά",1,Κρασιά Σαμπάνιες ΤΕΣΣΕΡΙΣ ΛΙΜΝΕΣ Κυρ-Γιάννη Λευκός Οίνος 750ml,0,0,"€14,26","14,20 €/τεμ.",0,D:/th/159.JPG,D:/th/4.JPG,0
2,LAVAZZA Καφές Qualita Oro Mountain Grown 250g Πρωϊνό - snacking & ροφήματα,1,Καφέδες Ροφήματα Αφεψήματα LAVAZZA Καφές Espresso Oro Mountain Grown 250gr,0,0,"€6,89","6,88 €/τεμ.",0,D:/th/160.JPG,D:/th/78.JPG,0
2,ILLY Κάψουλες Καφέ IperEspresso Intenso 18 Τεμάχια Πρωϊνό - snacking & ροφήματα,1,Καφέδες Ροφήματα Αφεψήματα ILLY Iperespresso Καφές Espresso Intenso σε Κάψουλες 18τεμ 120 6gr,0,0,OOS,"8,80 €/τεμ.",0,D:/th/161.JPG,D:/th/11.JPG,0
2,ΜΠΑΡΜΠΑ ΣΤΑΘΗΣ Βίδες Μανιτάρια & Καρότο Κατεψυγμένο 600gr Κατεψυγμένα τρόφιμα,1,Κατεψυγμένα Λαχανικά Φρούτα Βίδες με Μανιτάρια Καρότο ΜΠΑΡΜΠΑ ΣΤΑΘΗΣ 600gr,0,0,"€2,92","2,17 €/τεμ.",0,D:/th/162.JPG,D:/th/3.JPG,0
2,ALTERRA Βατόμουρα Κόκκινα Κατεψυγμένα 300gr Κατεψυγμένα τρόφιμα,1,Κατεψυγμένα Λαχανικά Φρούτα Βατόμουρα ARDO 300gr,0,0,"€2,84","3,12 €/τεμ.",0,D:/th/163.JPG,D:/th/20.JPG,0
2,ΑΒ YOU'LL LOVE Χταπόδι Με Μακαρονάκι Κοφτό 300gr Έτοιμα Γεύματα,1,Κατεψυγμένα Γεύματα Χταπόδι με Κοφτό Μακαρονάκι ΚΟΝΤΟΒΕΡΟΣ 300gr,0,0,"€5,00","4,98 €/τεμ.",0,D:/th/164.JPG,D:/th/61.JPG,0
2,#NAME?,1,Ημίσκληρα τυριά Κασέρι ΘΥΜΕΛΗΣ ΠΟΠ Μυτιλήνης 300gr,0,0,"~€4,56","4,08 €/τεμ.",0,D:/th/165.JPG,D:/th/85.JPG,0
2,ΑΒ Φιδές Ψιλός 250 gr Βασικά τυποποιημένα τρόφιμα,1,Ζυμαρικά ΜΑΡΑΤΑ Φιδές ψιλός 250gr,0,0,"€0,45","0,45 €/τεμ.",0,D:/th/166.JPG,D:/th/59.JPG,0
2,MISKO Ζυμαρικά Ολικής Άλεσης Κοφτό 500gr Βασικά τυποποιημένα τρόφιμα,1,Ζυμαρικά MISKO Σπαγγετίνη Ολικής Άλεσης Νο10 500gr,0,0,"€1,09","0,77 €/τεμ.",0,D:/th/167.JPG,D:/th/33.JPG,0
2,VITALINE Επιδόρπιο Γιαουρτιού Φράουλα 3 Χ 180 gr 2+1 Δώρο 3 Χ 180 gr 2+1 Δώρο Γαλακτοκομικά & Είδη Ψυγείου,1,Επιδόρπια γιαουρτιού ΔΕΛΤΑ Vitaline Επιδόρπιο Γιαουρτιού Φράουλα 2x180gr +1 Δώρο,0,0,"€3,07","2,98 €/τεμ.",0,D:/th/168.JPG,D:/th/6.JPG,0
2,ΔΕΛΤΑ Γάλα Φρέσκο Ελαφρύ 1lt Γαλακτοκομικά & Είδη Ψυγείου,1,Γάλατα ψυγείου ΔΕΛΤΑ Φρέσκο Γάλα Ελαφρύ 2lt,0,0,"€1,28","2,48 €/τεμ.",0,D:/th/169.JPG,D:/th/56.JPG,0
2,ΝΟΥΝΟΥ Γάλα Μακράς Διαρκείας Σοκολατούχο Choq 250 ml Γαλακτοκομικά & Είδη Ψυγείου,1,Γάλατα Φυτικά ροφήματα Μακράς διαρκείας ΝΟΥΝΟΥ Choq Γάλα Σοκολατούχο 250ml,0,0,"€0,84","0,84 €/τεμ.",0,D:/th/170.JPG,D:/th/2.JPG,0
2,PAMPERS Πάνες Μωρού Premium Care Monthly Pack Νο2 4-8kg 240 Τεμάχια Όλα για το μωρό,1,Βρεφικές Παιδικές πάνες Μωρομάντηλα PAMPERS Premium Care Πάνες Νο2 4-8Kg 148τεμ,0,0,"€37,99","24,70 €/τεμ.",0,D:/th/171.JPG,D:/th/69.JPG,0
2,LURPAK Βούτυρο Soft Αλατισμένο Σκαφάκι 225g Γαλακτοκομικά & Είδη Ψυγείου,1,Βούτυρα LURPAK Βούτυρο Soft Αλατισμένο 225gr,0,0,"€3,38","3,38 €/τεμ.",0,D:/th/172.JPG,D:/th/74.JPG,0
2,"VANISH, OXI ACTION ΕΝΙΣΧΥΤΙΚΟ ΠΛΥΣΗΣ POWER WHITE 500 GR Καθαριστικά - Χαρτικά & είδη σπιτιού",1,Απορρυπαντικά ρούχων VANISH Oxi Action Ενισχυτικό Πλύσης Σκόνη White 300gr,0,0,"€7,18","3,00 €/τεμ.",0,D:/th/173.JPG,D:/th/62.JPG,0
2,SKIP ΣΚΟΝΗ ΠΛΥΝΤΗΡΙΟΥ ΡΟΥΧΩΝ SPRING FRESH 20 MEZ Καθαριστικά - Χαρτικά & είδη σπιτιού,1,Απορρυπαντικά ρούχων SKIP Απορρυπαντικό Πλυντηρίου Ρούχων Σκόνη Spring Fresh 45 πλύσεις,0,0,"€3,89","7,38 €/τεμ.",0,D:/th/174.JPG,D:/th/64.JPG,0
2,NIVEA Αντηλιακή Λοσιόν Protect & Moisture SPF50+ 200ml Είδη προσωπικής περιποίησης,1,Αντηλιακά NIVEA SUN Protect Moisture Αντηλιακό Σώματος Λοσιόν Spf50 200ml,0,0,"€7,75","9,50 €/τεμ.",0,D:/th/175.JPG,D:/th/71.JPG,0
2,NIVEA Λάδι Μαυρίσματος Spray Carotene Oil SPF6 200ml Είδη προσωπικής περιποίησης,1,Αντηλιακά NIVEA SUN Carotene Αντηλιακό Λάδι Σπρέι Spf6 200ml,0,0,"€5,42","10,85 €/τεμ.",0,D:/th/176.JPG,D:/th/9.JPG,0
2,"ΕΨΑ Αναψυκτικό Πορτοκαλάδα Με Ανθρακικό 6 X 330ml 5+1 Δώρο Κρασιά, ποτά, αναψυκτικά, νερά",1,Αναψυκτικά Σόδες Ενεργειακά ποτά ΗΒΗ Αναψυκτικό Πορτοκαλάδα με Ανθρακικό 1 5lt,0,0,"€2,06","1,02 €/τεμ.",0,D:/th/177.JPG,0,0
2,"SPRITE Αναψυκτικό Γκαζόζα Κουτί 6x330ml Έκπτωση 0.7Ε Κρασιά, ποτά, αναψυκτικά, νερά",1,Αναψυκτικά Σόδες Ενεργειακά ποτά SPRITE Αναψυκτικό Γκαζόζα 6x330ml,0,0,"€2,58","3,28 €/τεμ.",0,D:/th/178.JPG,D:/th/63.JPG,0
2,"FUZE Ice Tea Πράσινο Τσάι Λεμόνι Χωρίς Ζάχαρη 500ml Κρασιά, ποτά, αναψυκτικά, νερά",1,Αναψυκτικά Σόδες Ενεργειακά ποτά LIPTON Ice Tea Πράσινο τσάι Λεμόνι Χωρίς ζάχαρη 1 5lt,0,0,"€1,37","1,86 €/τεμ.",0,D:/th/179.JPG,D:/th/82.JPG,0
3,ΠΡΩΙΝΟ ΡΟΦΗΜΑΤΑ ΣΝΑΚΣ ΠΑΠΑΔΟΠΟΥΛΟΥ Παπαδοπούλου Cookies Μπισκότα Με Κομμάτια Σοκολάτας Κακάο 2 x 180 gr -0 65€,1,Μπισκότα ΠΑΠΑΔΟΠΟΥΛΟΥ Cookies Μπισκότα με Κομμάτια Σοκολάτας Κακάο 2x180gr,2,ΠΑΠΑΔΟΠΟΥΛΟΥ ΜΠΙΣΚΟΤΑ ΜΕ ΚΟΜΜΑΤΙΑ ΣΟΚΟΛΑΤΑΣ 180 GR Πρωϊνό - snacking & ροφήματα,"1.48€ /ΤΕΜ
1.97€/ΤΕΜ","1,59 €/τεμ.","€1,37",D:/th/180.JPG,D:/th/13.JPG,D:/th/97.JPG
3,ΠΟΤΑ ΧΥΜΟΙ ΑΝΑΨΥΚΤΙΚΑ COCA COLA Coca Cola Zero Αναψυκτικό 6 x 330 ml,1,Αναψυκτικά Σόδες Ενεργειακά ποτά COCA COLA Zero Αναψυκτικό Χωρίς ζάχαρη 6x330ml,2,"COCA COLA, ZERO ΑΝΑΨΥΚΤΙΚΟ COLA ZERO 1,5LT Κρασιά, ποτά, αναψυκτικά, νερά",3.90€/ΤΕΜ,"2,99 €/τεμ.","€1,49",D:/th/181.JPG,D:/th/45.JPG,D:/th/100.JPG
3,ΥΓΕΙΑ ΟΜΟΡΦΙΑ FRUCTIS Fructis Σαμπουάν Δύναμη Λάμψη 400 ml,1,Φροντίδα Μαλλιών FRUCTIS Σαμπουάν Μαλλιών Δύναμη Λάμψη Κανονικά 400ml,0,0,4.88€/ΤΕΜ,"2,48 €/τεμ.",0,D:/th/182.JPG,D:/th/21.JPG,0
3,ΤΥΡΟΚΟΜΙΚΑ ΧΩΡΙΟ Χωριό Τυρί Φέτα Σε Άλμη 400 gr,1,Φέτα Λευκά τυριά Φέτα ΧΩΡΙΟ ΠΟΠ σε Άλμη 400gr,0,0,4.65€/ΤΕΜ,"4,65 €/τεμ.",0,D:/th/183.JPG,D:/th/30.JPG,0
3,ΠΡΩΙΝΟ ΡΟΦΗΜΑΤΑ ΣΝΑΚΣ RUFFLES Ruffles Πατατάκια Με Ρίγανη 150 gr,1,Πατατάκια Γαριδάκια άλλα Σνακ RUFFLES Πατατάκια με Ρίγανη 150r,0,0,1.44€/ΤΕΜ,"1,44 €/τεμ.",0,D:/th/184.JPG,0,0
3,ΠΡΩΙΝΟ ΡΟΦΗΜΑΤΑ ΣΝΑΚΣ ΠΑΠΑΔΟΠΟΥΛΟΥ Παπαδοπούλου Μπισκότα Μιράντα 250 gr,1,Μπισκότα ΠΑΠΑΔΟΠΟΥΛΟΥ Μιράντα Μπισκότα 250gr,0,0,1.33€/ΤΕΜ,"1,33 €/τεμ.",0,D:/th/185.JPG,D:/th/22.JPG,0
3,ΓΑΛΑΚΤΟΚΟΜΙΚΑ ΕΙΔΗ ΨΥΓΕΙΟΥ ΒΙΤΑΜ Βιτάμ Μαργαρίνη Soft Light 250 gr,1,Μαργαρίνες ΒΙΤΑΜ Μαργαρίνη Soft Light 250gr,0,0,1.44€/ΤΕΜ,"1,09 €/τεμ.",0,D:/th/186.JPG,D:/th/51.JPG,0
3,ΦΡΟΥΤΑ ΛΑΧΑΝΙΚΑ Σπανάκι Κρήτης,1,Λαχανικά Σπανάκι Εγχώριο,0,0,0.79€/500 γραμ,"0,98 €/0,5 κιλό",0,D:/th/187.JPG,D:/th/26.JPG,0
3,ΓΑΛΑΚΤΟΚΟΜΙΚΑ ΕΙΔΗ ΨΥΓΕΙΟΥ ΚΡΙ ΚΡΙ Κρι Κρι Αγελάδος Γιαούρτι 3 9% 2 x 200 gr + 1 Δώρο,1,Γιαούρτια ΚΡΙ ΚΡΙ Γιαούρτι Αγελάδος 2% 2x200gr + 1 Δώρο,2,ΚΡΙ ΚΡΙ Γιαούρτι Χωρίς Λακτόζη 2% 3 X 200 gr 2+1 Γαλακτοκομικά & Είδη Ψυγείου,1.92€/ΤΕΜ,"1,47 €/τεμ.","€1,71",D:/th/188.JPG,D:/th/49.JPG,D:/th/121.JPG
3,ΑΡΤΟΖΑΧΑΡΟΠΛΑΣΤΕΙΟ ΚΑΡΑΜΟΛΕΓΚΟΣ Καραμολέγκος Ψωμί Τοστ Σίκαλης 340 gr,1,Ψωμί τυποποιημένο ΚΑΡΑΜΟΛΕΓΚΟΣ Ψωμί Τοστ Σίκαλης Μίνι 340gr,2,ΚΑΡΑΜΟΛΕΓΚΟΣ Ψωμί Τοστ Σίκαλης Μίνι 340g Άρτος Ζαχαροπλαστείο,1.20€/ΤΕΜ,"1,20 €/τεμ.","€1,20",D:/th/189.JPG,D:/th/24.JPG,D:/th/87.JPG
3,ΣΥΣΚΕΥΑΣΜΕΝΑ ΤΡΟΦΙΜΑ ΗΛΙΟΣ Ήλιος Πάπρικα Γλυκιά 50 gr,1,Μπαχαρικά Αλάτια Ξίδια Ζωμοί ΗΛΙΟΣ Πάπρικα Γλυκιά 40gr,2,ΑΒ Πάπρικα Γλυκιά Σκόνη 45g Βασικά τυποποιημένα τρόφιμα,0.77€/ΤΕΜ,"1,42 €/τεμ.","€1,21",D:/th/190.JPG,D:/th/32.JPG,0
3,ΠΟΤΑ ΧΥΜΟΙ ΑΝΑΨΥΚΤΙΚΑ RED BULL Red Bull Ενεργειακό Ποτό Χωρίς Ζάχαρη 250 ml,1,Αναψυκτικά Σόδες Ενεργειακά ποτά RED BULL Ενεργειακό Ποτό 355ml,2,"REDBULL Ενεργειακό Ποτό Red Bull 4x250ml Κρασιά, ποτά, αναψυκτικά, νερά","0.99€ /ΤΕΜ
1.18€/ΤΕΜ","1,32 €/τεμ.","€4,19",D:/th/191.JPG,D:/th/12.JPG,D:/th/142.JPG
3,ΠΟΤΑ ΧΥΜΟΙ ΑΝΑΨΥΚΤΙΚΑ COCA COLA Coca Cola Light Αναψυκτικό 2 x 1 5 lt,1,Αναψυκτικά Σόδες Ενεργειακά ποτά COCA COLA Light Αναψυκτικό Χωρίς ζάχαρη 6x330ml,2,"COCA COLA, ZERO ΑΝΑΨΥΚΤΙΚΟ COLA 2 X1 LT Κρασιά, ποτά, αναψυκτικά, νερά",3.00€/ΤΕΜ,"2,99 €/τεμ.","€2,16",D:/th/192.JPG,D:/th/46.JPG,D:/th/99.JPG
3,ΠΟΤΑ ΧΥΜΟΙ ΑΝΑΨΥΚΤΙΚΑ ΜΑΡΑΤΑ Μαράτα Φυσικός Χυμός Πορτοκάλι 1 lt,1,Χυμοί Τσάι ψυγείου ΟΛΥΜΠΟΣ Φυσικός Χυμός Πορτοκάλι 1lt,0,0,0.87€/ΤΕΜ,"2,14 €/τεμ.",0,D:/th/193.JPG,D:/th/39.JPG,0
3,ΠΟΤΑ ΧΥΜΟΙ ΑΝΑΨΥΚΤΙΚΑ ΒΙΟΧΥΜ Βιοχύμ Συμπυκνωμένος Ζαχαρούχος Χυμός Πορτοκάλι 1850 gr,1,Χυμοί COOL HELLAS Χυμός Συμπυκνωμένος Ζαχαρούχος Πορτοκάλι 1lt,0,0,3.90€/ΤΕΜ,"2,73 €/τεμ.",0,D:/th/194.JPG,D:/th/40.JPG,0
3,ΠΟΤΑ ΧΥΜΟΙ ΑΝΑΨΥΚΤΙΚΑ ΑΜΙΤΑ Amita Φρουτοποτό Ροδάκινο 1 lt,1,Χυμοί AMITA Χυμός Φρουτοποτό Ροδάκινο 250ml,0,0,1.32€/ΤΕΜ,"0,58 €/τεμ.",0,D:/th/195.JPG,D:/th/41.JPG,0
3,ΠΟΤΑ ΧΥΜΟΙ ΑΝΑΨΥΚΤΙΚΑ ΑΜΙΤΑ Amita Motion Φυσικός Χυμός 330 ml,1,Χυμοί AMITA Motion Supermix Χυμός Φυσικός 1lt,0,0,0.90€/ΤΕΜ,"2,12 €/τεμ.",0,D:/th/196.JPG,D:/th/42.JPG,0
3,ΥΓΕΙΑ ΟΜΟΡΦΙΑ PALMOLIVE Palmolive Υγρό Κρεμοσάπουνο Hygiene Plus Ανταλλακτικό 750ml,1,Φροντίδα Σώματος PALMOLIVE Κρεμοσάπουνο Hygiene Plus Family Ανταλλακτικό 1lt,0,0,"1.69€ /ΤΕΜ
2.82€/ΤΕΜ","1,63 €/τεμ.",0,D:/th/197.JPG,D:/th/29.JPG,0
3,ΥΓΕΙΑ ΟΜΟΡΦΙΑ HEAD SHOULDERS Head Shoulders Σαμπουάν Ενυδάτωση 360 ml,1,Φροντίδα Μαλλιών HEAD SHOULDERS Dry Skalp Σαμπουάν Μαλλιών Ενυδάτωση 360ml,0,0,5.78€/ΤΕΜ,"5,78 €/τεμ.",0,D:/th/198.JPG,0,0
3,ΣΥΣΚΕΥΑΣΜΕΝΑ ΤΡΟΦΙΜΑ NESTLE Nestle Dessert Κουβερτούρα 65% Κακάο Χωρίς Γλουτένη 200 gr,1,Υλικά Μαγειρικής Ζαχαροπλαστικής NESTLE Dessert Κουβερτούρα Γάλακτος Χωρίς γλουτένη 170gr,0,0,2.02€/ΤΕΜ,"1,97 €/τεμ.",0,D:/th/199.JPG,0,0
3,ΥΓΕΙΑ ΟΜΟΡΦΙΑ SENSODYNE Sensodyne Οδοντόκρεμα Repair Protect Whitening 75 ml,1,Στοματική υγιεινή SENSODYNE Οδοντόκρεμα Repair Protect 75ml,0,0,4.20€/ΤΕΜ,"4,20 €/τεμ.",0,D:/th/200.JPG,D:/th/28.JPG,0
3,ΠΟΤΑ ΧΥΜΟΙ ΑΝΑΨΥΚΤΙΚΑ SERKOVA Serkova Βότκα 700 ml,1,Ποτά SERKOVA Crystal Pure Βότκα 700ml,0,0,"12.75€ /ΤΕΜ
14.25€/ΤΕΜ","19,50 €/τεμ.",0,D:/th/201.JPG,D:/th/43.JPG,0
3,ΣΥΣΚΕΥΑΣΜΕΝΑ ΤΡΟΦΙΜΑ KNORR Knorr Κύβοι Ζωμού Βοδινού 6 Τεμάχια,1,Μπαχαρικά Αλάτια Ξίδια Ζωμοί KNORR Κύβοι Ζωμού Βοδινού Χωρίς Γλουτένη Χωρίς Αλάτι 8τεμ 4lt,0,0,1.07€/ΤΕΜ,"1,83 €/τεμ.",0,D:/th/202.JPG,D:/th/34.JPG,0
3,ΠΡΩΙΝΟ ΡΟΦΗΜΑΤΑ ΣΝΑΚΣ LIPTON Lipton Yellow Label Μαύρο Τσάι 100 x 1 5 gr,1,Καφέδες Ροφήματα Αφεψήματα LIPTON Yellow Μαύρο Τσάι 10 φακελάκια x1 5gr,0,0,7.35€/ΤΕΜ,"1,12 €/τεμ.",0,D:/th/203.JPG,D:/th/38.JPG,0
3,ΥΓΕΙΑ ΟΜΟΡΦΙΑ NIVEA Nivea Sun After Sun Bronze Λοσιόν 200 ml,1,Αντηλιακά NIVEA SUN After Sun Ενυδατική Λοσιόν 200ml,0,0,"5.58€ /ΤΕΜ
11.15€/ΤΕΜ","6,15 €/τεμ.",0,D:/th/204.JPG,0,0
3,ΥΓΕΙΑ ΟΜΟΡΦΙΑ COLGATE Colgate Οδοντόκρεμα Max White One 75ml,0,0,2,"COLGATE, MAX WHITE Οδοντόκρεμα Max White One 75ml Είδη προσωπικής περιποίησης","1.92€ /ΤΕΜ
3.84€/ΤΕΜ",0,"€2,18",D:/th/205.JPG,0,D:/th/128.JPG
3,ΓΑΛΑΚΤΟΚΟΜΙΚΑ ΕΙΔΗ ΨΥΓΕΙΟΥ ΠΑΡΑΔΟΣΙΑΚΕΣ ΑΥΓΟΦΑΡΜΕΣ Παραδοσιακές Αυγοφάρμες Αυγά 53 – 63 gr 10 Τεμάχια,0,0,2,ΧΡΥΣΑ ΑΥΓΑ Αυγά Βιολογικά Medium 53/63 gr 6 Τεμάχια Γαλακτοκομικά & Είδη Ψυγείου,"2.28€ /ΤΕΜ
2.68€/ΤΕΜ",0,OOS,D:/th/206.JPG,0,D:/th/148.JPG
3,ΠΡΩΙΝΟ ΡΟΦΗΜΑΤΑ ΣΝΑΚΣ ΠΑΠΑΔΟΠΟΥΛΟΥ Παπαδοπούλου Πτι Μπερ Μπισκότα 225 gr,0,0,2,ΠΑΠΑΔΟΠΟΥΛΟΥ Μπισκότα Πτι Μπερ Σοκολάτα Γάλακτος 89g Πρωϊνό - snacking & ροφήματα,0.96€/ΤΕΜ,0,OOS,D:/th/207.JPG,0,0
3,ΣΥΣΚΕΥΑΣΜΕΝΑ ΤΡΟΦΙΜΑ ΜΥΛΟΙ ΑΓΙΟΥ ΓΕΩΡΓΙΟΥ Μύλοι Αγίου Γεωργίου Αλεύρι Φαρίναπ 500 gr -0 25€,0,0,2,ΜΥΛΟΙ ΑΓΙΟΥ ΓΕΩΡΓΙΟΥ Αλεύρι Σκληρό 1kg 2+1 Δώρο 2+1 ΔΩΡΟ Βασικά τυποποιημένα τρόφιμα,0.87€/ΤΕΜ,0,"€3,36",D:/th/208.JPG,0,D:/th/132.JPG
3,ΣΥΣΚΕΥΑΣΜΕΝΑ ΤΡΟΦΙΜΑ ΜΥΛΟΙ ΑΓΙΟΥ ΓΕΩΡΓΙΟΥ Μύλοι Αγίου Γεωργίου Αλεύρι Καλαμποκιού 500 gr,0,0,2,ΜΥΛΟΙ ΑΓΙΟΥ ΓΕΩΡΓΙΟΥ Αλεύρι Σκληρό 1kg 2+1 Δώρο 2+1 ΔΩΡΟ Βασικά τυποποιημένα τρόφιμα,0.89€/ΤΕΜ,0,"€3,36",D:/th/209.JPG,0,D:/th/132.JPG
3,ΠΡΩΙΝΟ ΡΟΦΗΜΑΤΑ ΣΝΑΚΣ ΙΟΝ ION Αμυγδάλου Σοκολάτα Γάλακτος 70 gr,0,0,2,ΙΟΝ Σοκολάτα Γάλακτος Αμυγδάλου 70gr Πρωϊνό - snacking & ροφήματα,1.18€/ΤΕΜ,0,"€1,18",D:/th/210.JPG,0,D:/th/107.JPG
3,ΥΓΕΙΑ ΟΜΟΡΦΙΑ TENA Tena Pants Plus Πάνα Ακράτειας Large 14 Τεμάχια,0,0,2,"TENA, PANTS ΠΑΝΑ ΒΡΑΚΑΚΙ PLUS EXTRA LARGE 12 ΤΕΜ Είδη προσωπικής περιποίησης","10.67€ /ΤΕΜ
17.78€/ΤΕΜ",0,"€12,87",D:/th/211.JPG,0,D:/th/122.JPG
3,ΤΥΡΟΚΟΜΙΚΑ LA VACHE QUI RIT La Vache Qui Rit Τυρί Cheddar 10 Φέτες 200 gr,0,0,2,"LA VACHE QUI RIT Τηγμένο Τυρί Τυροβουτιές 140g 3+1 Δώρο Τυριά, Αλλαντικά & Delicatessen",1.98€/ΤΕΜ,0,OOS,D:/th/212.JPG,0,D:/th/130.JPG
3,ΥΓΕΙΑ ΟΜΟΡΦΙΑ COLGATE Colgate Οδοντόκρεμα Max White Expert Complete 75ml,0,0,2,"COLGATE, MAX WHITE Οδοντόκρεμα Max White One 75ml Είδη προσωπικής περιποίησης","2.75€ /ΤΕΜ
5.49€/ΤΕΜ",0,"€2,18",D:/th/213.JPG,0,D:/th/128.JPG
3,ΤΥΡΟΚΟΜΙΚΑ ARLA Arla Havarti Τυρί 45%,0,0,2,"ARLA Τυρί Havarti Light 16% Φέτες 150g Τυριά, Αλλαντικά & Delicatessen",2.24€/250 γραμ,0,OOS,D:/th/214.JPG,0,D:/th/119.JPG
3,ΥΓΕΙΑ ΟΜΟΡΦΙΑ ALWAYS PLATINUM Always Platinum Σερβιέτες Ultra Night 12 Τεμάχια,0,0,2,ALWAYS ΣΕΡΒΙΕΤΕΣ ULTRA PLATINUM NORMAL 16 ΤΕΜ Είδη προσωπικής περιποίησης,"1.99€ /ΤΕΜ
3.98€/ΤΕΜ",0,"€2,04",D:/th/215.JPG,0,0
3,ΚΑΤΕΨΥΓΜΕΝΑ ALFA Alfa Τυρόπιτα Τσαλακωτή Πηλίου 850 gr,0,0,2,ALFA Χορτόπιτα Πηλίου Κατεψυγμένη 850 gr Κατεψυγμένα τρόφιμα,"4.17€ /ΤΕΜ
5.96€/ΤΕΜ",0,"€5,95",D:/th/216.JPG,0,D:/th/146.JPG
3,ΓΑΛΑΚΤΟΚΟΜΙΚΑ ΕΙΔΗ ΨΥΓΕΙΟΥ ΛΑΔΑΚΗΣ FARM Λαδάκης Farm Αυγά Medium 53 – 63 gr 10 Τεμάχια,0,0,2,ΧΡΥΣΑ ΑΥΓΑ Αυγά Βιολογικά Medium 53/63 gr 6 Τεμάχια Γαλακτοκομικά & Είδη Ψυγείου,"2.21€ /ΤΕΜ
2.95€/ΤΕΜ",0,OOS,D:/th/217.JPG,0,D:/th/148.JPG
3,ΑΡΤΟΖΑΧΑΡΟΠΛΑΣΤΕΙΟ ΠΑΠΑΔΟΠΟΥΛΟΥ Παπαδοπούλου Γεύση 2 Ψωμί Τοστ Ολικής Άλεσης Σίτου Σίκαλης 700 gr,0,0,2,ΠΑΠΑΔΟΠΟΥΛΟΥ ΨΩΜΙ ΤΟΣΤ ΣΙΤΟΥ ΓΕΥΣΗ2 700 GR Άρτος Ζαχαροπλαστείο,"1.43€ /ΤΕΜ
1.79€/ΤΕΜ",0,"€1,41",D:/th/218.JPG,0,D:/th/154.JPG
3,ΣΥΣΚΕΥΑΣΜΕΝΑ ΤΡΟΦΙΜΑ ΜΥΛΟΙ ΚΡΗΤΗΣ Μύλοι Κρήτης Αλεύρι Σκληρό 1 kg,0,0,2,ΜΥΛΟΙ ΑΓΙΟΥ ΓΕΩΡΓΙΟΥ Αλεύρι Σκληρό 1kg 2+1 Δώρο 2+1 ΔΩΡΟ Βασικά τυποποιημένα τρόφιμα,1.22€/ΤΕΜ,0,"€3,36",D:/th/219.JPG,0,D:/th/132.JPG
3,ΑΛΛΑΝΤΙΚΑ DELICATESSEN ΜΑΚΕΔΟΝΙΚΟΣ ΧΑΛΒΑΣ Μακεδονικός Χαλβάς Φυστικοβούτυρο Χωρίς Γλουτένη 200 gr,0,0,2,"ΜΑΚΕΔΟΝΙΚΟΣ Χαλβάς Βανίλια 40 gr Τυριά, Αλλαντικά & Delicatessen",3.62€/ΤΕΜ,0,"€0,68",D:/th/220.JPG,0,D:/th/156.JPG
3,ΓΑΛΑΚΤΟΚΟΜΙΚΑ ΕΙΔΗ ΨΥΓΕΙΟΥ ΚΡΙ ΚΡΙ Κρι Κρι Kids Peppa Pig Παιδικό Επιδόρπιο Γιαουρτιού 1.7% Με Πουρέ Φράουλας Μπισκότο 2 x 140 gr + 1,0,0,2,ΚΡΙ ΚΡΙ Επιδόρπιο Γιαουρτιού Peppa Pig Φράουλα Μπισκότο 3x140g 2+1 Δώρο Γαλακτοκομικά & Είδη Ψυγείου,2.25€/ΤΕΜ,0,"€2,25",D:/th/221.JPG,0,D:/th/151.JPG
3,ΠΟΤΑ ΧΥΜΟΙ ΑΝΑΨΥΚΤΙΚΑ PERRIER Perrier Φυσικό Μεταλλικό Ανθρακούχο Νερό Lemon 6 x 500 ml,0,0,2,"ΚΟΡΠΗ Ανθρακούχο Νερό Φυσικό Μεταλλικό 4x330ml 3+1 Δώρο Κρασιά, ποτά, αναψυκτικά, νερά",5.69€/ΤΕΜ,0,"€1,78",D:/th/222.JPG,0,D:/th/143.JPG
3,ΣΥΣΚΕΥΑΣΜΕΝΑ ΤΡΟΦΙΜΑ ΓΙΩΤΗΣ Γιώτης Φρουί Ζελέ Κεράσι 200 gr (2 x 100 gr),0,0,2,ΓΙΩΤΗΣ ΦΡΟΥΙ ΖΕΛΕ ΚΕΡΑΣΙ 2 Χ 100 GR Βασικά τυποποιημένα τρόφιμα,"1.10€ /ΤΕΜ
1.38€/ΤΕΜ",0,"€1,03",D:/th/223.JPG,0,D:/th/133.JPG
3,ΣΥΣΚΕΥΑΣΜΕΝΑ ΤΡΟΦΙΜΑ ΓΙΩΤΗΣ Γιώτης Ανθός Αραβοσίτου Βανίλια 43 gr,0,0,2,ΓΙΩΤΗΣ Άνθος Αραβοσίτου Βανίλια 160g Βασικά τυποποιημένα τρόφιμα,0.32€/ΤΕΜ,0,"€0,98",D:/th/224.JPG,0,D:/th/135.JPG
3,ΣΥΣΚΕΥΑΣΜΕΝΑ ΤΡΟΦΙΜΑ ΒΛΑΧΑ Βλάχα Τραχανάς Ξινός 500 gr,0,0,2,ΒΛΑΧΑ Τραχανάς Ξινός Βλάχα 500 gr Βασικά τυποποιημένα τρόφιμα,2.52€/ΤΕΜ,0,"€2,44",D:/th/225.JPG,0,D:/th/136.JPG
3,ΓΑΛΑΚΤΟΚΟΜΙΚΑ ΕΙΔΗ ΨΥΓΕΙΟΥ ΟΛΥΜΠΟΣ Όλυμπος Κρέμα Γάλακτος 20% 2 x 200 ml + 1 Δώρο,0,0,2,ΑΒ Κρέμα Γάλακτος 200 ml Γαλακτοκομικά & Είδη Ψυγείου,2.64€/ΤΕΜ,0,"€1,24",D:/th/226.JPG,0,D:/th/120.JPG
3,ΓΑΛΑΚΤΟΚΟΜΙΚΑ ΕΙΔΗ ΨΥΓΕΙΟΥ ΔΩΔΩΝΗ Δωδώνη Γιαούρτι Στραγγιστό Κλασικό 8% 2 x 200 gr + 1 Δώρο,1,Γιαούρτια ΔΩΔΩΝΗ Κλασικό Γιαούρτι Στραγγιστό 8% 2x200gr + 1 Δώρο,2,TOTAL Γιαούρτι Στραγγιστό 3 x 200 gr Γαλακτοκομικά & Είδη Ψυγείου,"2.04€ /ΤΕΜ
2.72€/ΤΕΜ","2,72 €/τεμ.","€2,31",D:/th/227.JPG,D:/th/23.JPG,D:/th/147.JPG
3,ΓΑΛΑΚΤΟΚΟΜΙΚΑ ΕΙΔΗ ΨΥΓΕΙΟΥ ΟΛΥΜΠΟΣ Όλυμπος Στραγγιστό Γιαούρτι Βιολογικό 2 x 200 gr,0,0,2,TOTAL Γιαούρτι Στραγγιστό 3 x 200 gr Γαλακτοκομικά & Είδη Ψυγείου,2.52€/ΤΕΜ,0,"€2,31",D:/th/228.JPG,0,D:/th/147.JPG
3,ΓΑΛΑΚΤΟΚΟΜΙΚΑ ΕΙΔΗ ΨΥΓΕΙΟΥ ΟΛΥΜΠΟΣ Όλυμπος Στραγγιστό Γιαούρτι 5% 3 x 200 gr,0,0,2,TOTAL Γιαούρτι Στραγγιστό 3 x 200 gr Γαλακτοκομικά & Είδη Ψυγείου,"2.37€ /ΤΕΜ
3.64€/ΤΕΜ",0,"€2,31",D:/th/229.JPG,0,D:/th/147.JPG
3,ΥΓΕΙΑ ΟΜΟΡΦΙΑ TENA Tena Pants Culottes Πάνα Ακράτειας Plus Night Large 12 Τεμάχια,0,0,2,"TENA, PANTS ΠΑΝΑ ΒΡΑΚΑΚΙ PLUS EXTRA LARGE 12 ΤΕΜ Είδη προσωπικής περιποίησης","10.14€ /ΤΕΜ
16.90€/ΤΕΜ",0,"€12,87",D:/th/230.JPG,0,D:/th/122.JPG
3,ΣΥΣΚΕΥΑΣΜΕΝΑ ΤΡΟΦΙΜΑ RIO MARE Rio Mare Τόνος Σε Ελαιόλαδο 80 gr,0,0,2,RIO MARE Τόνος Σε Λάδι 2X104 gr Βασικά τυποποιημένα τρόφιμα,"1.78€ /ΤΕΜ
1.98€/ΤΕΜ",0,"€6,25",D:/th/231.JPG,0,D:/th/137.JPG
3,ΥΓΕΙΑ ΟΜΟΡΦΙΑ PALMOLIVE Palmolive Υγρό Κρεμοσάπουνο Naturals Γάλα Aμύγδαλο Ανταλλακτικό Σακουλάκι 250ml,0,0,2,PALMOLIVE Κρεμοσάπουνο Naturals Γάλα & Aμύγδαλο Ανταλλακτικό 750ml Είδη προσωπικής περιποίησης,"0.71€ /ΤΕΜ
1.18€/ΤΕΜ",0,"€1,56",D:/th/232.JPG,0,D:/th/123.JPG
3,ΣΥΣΚΕΥΑΣΜΕΝΑ ΤΡΟΦΙΜΑ MISKO Misko Μακαρόνια Σπαγγετίνη Ν10 Ολικής Άλεσης 500 gr,1,Ζυμαρικά MISKO Σπαγγετίνη Ολικής Άλεσης Νο10 500gr,2,MISKO Σπαγγετίνη Ολικής Άλεσης Νο10 500gr Βασικά τυποποιημένα τρόφιμα,"0.92€ /ΤΕΜ
1.22€/ΤΕΜ","0,77 €/τεμ.","€0,91",D:/th/233.JPG,D:/th/33.JPG,D:/th/138.JPG
3,ΠΡΩΙΝΟ ΡΟΦΗΜΑΤΑ ΣΝΑΚΣ KNORR Knorr Τσιπς Γαρίδας Με Μπαχαρικά 75 gr,0,0,2,KNORR ΜΕ ΜΠΑΧΑΡΙΚΑ ΤΣΙΠΣ ΓΑΡΙΔΑΣ 75 GR Βασικά τυποποιημένα τρόφιμα,1.72€/ΤΕΜ,0,"€1,38",D:/th/234.JPG,0,D:/th/117.JPG
3,ΣΥΣΚΕΥΑΣΜΕΝΑ ΤΡΟΦΙΜΑ HELLMANN'S Hellmann’s Real Μαγιονέζα 650 ml,0,0,2,HELLMANN'S Μαγιονέζα Real Top Down 430 ml Βασικά τυποποιημένα τρόφιμα,3.35€/ΤΕΜ,0,"€2,67",D:/th/235.JPG,0,0
3,ΠΟΤΑ ΧΥΜΟΙ ΑΝΑΨΥΚΤΙΚΑ GREEN COLA Green Cola Αναψυκτικό 1 5 lt,0,0,2,"GREEN Αναψυκτικό Cola Στέβια Φιάλη 1.5lt Κρασιά, ποτά, αναψυκτικά, νερά",1.32€/ΤΕΜ,0,"€0,99",D:/th/236.JPG,0,D:/th/144.JPG
3,ΣΥΣΚΕΥΑΣΜΕΝΑ ΤΡΟΦΙΜΑ ΧΩΡΙΟ Χωριό Παρθένο Ελαιόλαδο 750 ml,0,0,2,GAEA Ελαιόλαδο Έξτρα Παρθένο Βιολογικό 750 ml Βασικά τυποποιημένα τρόφιμα,"5.69€ /ΤΕΜ
6.32€/ΤΕΜ",0,"€9,10",D:/th/237.JPG,0,D:/th/88.JPG
3,ΟΙΚΙΑΚΗ ΦΡΟΝΤΙΔΑ FAIRY Fairy Υγρό Απορρυπαντικό Πιάτων 1 5 lt,0,0,2,"FAIRY ΥΓΡΟ ΑΠΟΡΡΥΠΑΝΤΙΚΟ ΠΙΑΤΩΝ ΚΑΝΟΝΙΚΟ 1,5 LT Καθαριστικά - Χαρτικά & είδη σπιτιού",5.68€/ΤΕΜ,0,"€5,68",D:/th/238.JPG,0,D:/th/118.JPG
3,ΟΙΚΙΑΚΗ ΦΡΟΝΤΙΔΑ FINISH Finish All In 1 Κάψουλες Πλυντηρίου Πιάτων 27 Τεμάχια,0,0,2,FAIRY Κάψουλες Πλυντηρίου Πιάτων All in 1 Platinum 22 Τεμάχια Καθαριστικά - Χαρτικά & είδη σπιτιού,"6.29€ /ΤΕΜ
10.48€/ΤΕΜ",0,"€10,48",D:/th/239.JPG,0,D:/th/145.JPG
3,ΥΓΕΙΑ ΟΜΟΡΦΙΑ ELVIVE Elvive Σαμπουάν Extraordinary Oil 400 ml,0,0,2,ELVIVE ΣΑΜΠΟΥΑΝ EXTRAORDINARY OIL 400 ML Είδη προσωπικής περιποίησης,"2.74€ /ΤΕΜ
4.98€/ΤΕΜ",0,"€2,99",D:/th/240.JPG,0,D:/th/124.JPG
3,ΥΓΕΙΑ ΟΜΟΡΦΙΑ DUREX Durex Προφυλακτικά Classic 12 Τεμάχια,0,0,2,DUREX ΠΡΟΦΥΛΑΚΤΙΚΑ TOTAL CONTACT 12 ΤΕΜ Είδη προσωπικής περιποίησης,"8.74€ /ΤΕΜ
10.28€/ΤΕΜ",0,"€10,33",D:/th/241.JPG,0,D:/th/125.JPG
3,ΓΑΛΑΚΤΟΚΟΜΙΚΑ ΕΙΔΗ ΨΥΓΕΙΟΥ DANONE Danone Danette Επιδόρπιο Γλύκισμα Σοκολάτα 4 x 125 gr,0,0,2,DANETTE Επιδόρπιο Κρέμα Βανίλια 4 X 125 gr Γαλακτοκομικά & Είδη Ψυγείου,2.76€/ΤΕΜ,0,"€2,76",D:/th/242.JPG,0,D:/th/152.JPG
3,ΥΓΕΙΑ ΟΜΟΡΦΙΑ COLGATE Colgate Οδοντόκρεμα Total Advanced Enamel Health 75ml,0,0,2,COLGATE Οδοντόκρεμα Total Advanced Deep Clean 75ml Είδη προσωπικής περιποίησης,"1.99€ /ΤΕΜ
3.98€/ΤΕΜ",0,"€2,38",D:/th/243.JPG,0,D:/th/127.JPG
3,ΣΥΣΚΕΥΑΣΜΕΝΑ ΤΡΟΦΙΜΑ CANDEREL Canderel Υποκατάστατο Ζάχαρης 120 Δισκία,0,0,2,CANDEREL Υποκατάστατο Ζάχαρης Στέβια Υγρό 50ml Βασικά τυποποιημένα τρόφιμα,3.22€/ΤΕΜ,0,"€3,05",D:/th/244.JPG,0,D:/th/141.JPG
3,ΥΓΕΙΑ ΟΜΟΡΦΙΑ AIM Aim Οδοντόκρεμα White System 75 ml,0,0,2,"AIM, CRYSTAL ΟΔΟΝΤΟΚΡΕΜΑ CRYSTAL 75 ML Είδη προσωπικής περιποίησης","1.47€ /ΤΕΜ
2.94€/ΤΕΜ",0,OOS,D:/th/245.JPG,0,D:/th/129.JPG
3,ΦΡΕΣΚΟ ΚΡΕΑΣ ΠΟΥΛΕΡΙΚΑ Χοιρινό Πανσέτα Μ/Ο Μ/Δ Ελληνικό,1,Φρέσκο Χοιρινό Πανσέτα Χοιρινή ΣΚΛΑΒΕΝΙΤΗΣ με οστό Ολλανδίας,0,0,2.30€/500 γραμ,"3,06 €/συσκ.",0,D:/th/246.JPG,D:/th/27.JPG,0
3,ΠΡΩΙΝΟ ΡΟΦΗΜΑΤΑ ΣΝΑΚΣ ΠΑΠΑΔΟΠΟΥΛΟΥ Παπαδοπούλου Γεμιστά Μπισκότα Με Λεμόνι 200 gr,1,Μπισκότα ΠΑΠΑΔΟΠΟΥΛΟΥ Μπισκότα Γεμιστά Λεμόνι 200gr,0,0,"0.83€ /ΤΕΜ
1.18€/ΤΕΜ","1,00 €/τεμ.",0,D:/th/247.JPG,D:/th/35.JPG,0
3,ΠΟΤΑ ΧΥΜΟΙ ΑΝΑΨΥΚΤΙΚΑ FIX Fix Μπίρα 500 ml,1,Μπίρες Μηλίτες FIX Μπίρα 330ml,0,0,1.27€/ΤΕΜ,"1,07 €/τεμ.",0,D:/th/248.JPG,0,0
3,ΑΛΛΑΝΤΙΚΑ DELICATESSEN CRETA FARMS Creta Farms Εν Ελλάδι Πάριζα Με Ελαιόλαδο Χωρίς Γλουτένη,1,Λουκάνικα CRETA FARMS Εν Ελλάδι Λουκάνικα Χωριάτικα με Πράσο Χωρίς γλουτένη 400gr,0,0,1.04€/200 γραμ,"4,40 €/τεμ.",0,D:/th/249.JPG,D:/th/52.JPG,0
3,ΑΛΛΑΝΤΙΚΑ DELICATESSEN CRETA FARMS Creta Farms Εν Ελλάδι Παριζάκι Με Ελαιόλαδο Χωρίς Γλουτένη 500 gr -0 20€,1,Λουκάνικα CRETA FARMS Εν Ελλάδι Λουκάνικα Χωριάτικα με Πράσο Χωρίς γλουτένη 400gr,0,0,"2.44€ /ΤΕΜ
3.75€/ΤΕΜ","4,40 €/τεμ.",0,D:/th/250.JPG,D:/th/52.JPG,0
3,ΠΡΩΙΝΟ ΡΟΦΗΜΑΤΑ ΣΝΑΚΣ ΛΟΥΜΙΔΗΣ ΠΑΠΑΓΑΛΟΣ Λουμίδης Παπαγάλος Σκούρος Ελληνικός Καφές 194 gr,1,Καφέδες Ροφήματα Αφεψήματα ΛΟΥΜΙΔΗΣ ΠΑΠΑΓΑΛΟΣ Σκούρος Καφές Ελληνικός 194gr,0,0,3.15€/ΤΕΜ,"3,15 €/τεμ.",0,D:/th/251.JPG,D:/th/36.JPG,0
3,ΠΡΩΙΝΟ ΡΟΦΗΜΑΤΑ ΣΝΑΚΣ TWIΝINGS Twinings Earl Grey Τσάι 25 χ 2 gr,1,Καφέδες Ροφήματα Αφεψήματα TWININGS Earl Grey Μαύρο Τσάι 10 φακελάκια x2gr,0,0,4.24€/ΤΕΜ,"2,52 €/τεμ.",0,D:/th/252.JPG,D:/th/37.JPG,0
3,ΣΥΣΚΕΥΑΣΜΕΝΑ ΤΡΟΦΙΜΑ ΜΕΛΙΣΣΑ Melissa Πάστα Κριθαράκι Χονδρό 500 gr,1,Ζυμαρικά MELISSA Κριθαράκι Χονδρό 500gr,0,0,1.00€/ΤΕΜ,"0,65 €/τεμ.",0,D:/th/253.JPG,D:/th/31.JPG,0
3,ΓΑΛΑΚΤΟΚΟΜΙΚΑ ΕΙΔΗ ΨΥΓΕΙΟΥ ΦΑΓΕ Φάγε Junior Παιδικό Επιδόρπιο Γιαουρτιού Μπανάνα Χωρίς Γλουτένη 2 x 140 gr -0 30€,1,Γιαούρτια Βρεφικά Παιδικά ΦΑΓΕ Junior Επιδόρπιο Γιαουρτιού Φράουλα Παιδικό Χωρίς γλουτένη 2x140gr,0,0,1.68€/ΤΕΜ,"1,68 €/τεμ.",0,D:/th/254.JPG,D:/th/48.JPG,0
3,ΟΙΚΙΑΚΗ ΦΡΟΝΤΙΔΑ OMO Omo Υγρό Πλυντηρίου Ρούχων Λεβάντα 30 Μεζούρες 1 95 lt + 30 Μεζούρες,1,Απορρυπαντικά ρούχων OMO Απορρυπαντικό Πλυντηρίου Ρούχων Υγρό Λεβάντα 27 πλύσεις,0,0,6.98€/ΤΕΜ,"3,18 €/τεμ.",0,D:/th/255.JPG,D:/th/47.JPG,0
3,ΠΟΤΑ ΧΥΜΟΙ ΑΝΑΨΥΚΤΙΚΑ TUBORG Tuborg Τόνικ Αναψυκτικό 330 ml,1,Αναψυκτικά Σόδες Ενεργειακά ποτά TUBORG Τόνικ 500ml,0,0,0.57€/ΤΕΜ,"0,80 €/τεμ.",0,D:/th/256.JPG,D:/th/25.JPG,0
